,doc_id,maturity,vol_1,vol_1_type,average strike price,price_1,price_1_type,price_2,price_2_type,sfas 133 hedge,product_type,instrument_type,price_3,price_3_type,price_4,price_4_type,sfas 133hedge,premiumsreceived,net premiumsreceived ($ inthousands),"sfas 133hedge,",sfas 133 hedge,"sfas 133 hedge,","net premiums received ($ in thousands),",netpremiums($ inmillions),"netpremiums($ inmillions),",netpremiums($ in millions),",,",vol_2,vol_2_type,",,,"
2,CHK20030227,2003,57150000,volume,4.31,,put,,weightedaveragedifferential,Yes,natural gas (mmbtu),swaps,,,,,,,,,,,,,,,,,,
4,CHK20030227,2003,51100000,volume,3.60,2.60,put,,weightedaveragedifferential,No,natural gas (mmbtu),cap-swaps,,,,,,,,,,,,,,,,,,
6,CHK20030227,2003,91250000,volume,,,put,Neg0.15,weightedaveragedifferential,No,natural gas (mmbtu),basis protection swaps,,,,,,,,,,,,,,,,,,
7,CHK20030227,2004,91500000,volume,,,put,Neg0.15,weightedaveragedifferential,No,natural gas (mmbtu),basis protection swaps,,,,,,,,,,,,,,,,,,
8,CHK20030227,2005,98550000,volume,,,put,Neg0.16,weightedaveragedifferential,No,natural gas (mmbtu),basis protection swaps,,,,,,,,,,,,,,,,,,
9,CHK20030227,2006,36500000,volume,,,put,Neg0.16,weightedaveragedifferential,No,natural gas (mmbtu),basis protection swaps,,,,,,,,,,,,,,,,,,
10,CHK20030227,2007,45625000,volume,,,put,Neg0.16,weightedaveragedifferential,No,natural gas (mmbtu),basis protection swaps,,,,,,,,,,,,,,,,,,
11,CHK20030227,2008,45750000,volume,,,put,Neg0.16,weightedaveragedifferential,No,natural gas (mmbtu),basis protection swaps,,,,,,,,,,,,,,,,,,
12,CHK20030227,2009,36500000,volume,,,put,Neg0.16,weightedaveragedifferential,No,natural gas (mmbtu),basis protection swaps,,,,,,,,,,,,,,,,,,
14,CHK20030227,2003,45700000,volume,3.74,,put,,weightedaveragedifferential,No,natural gas (mmbtu),counter-swaps,,,,,,,,,,,,,,,,,,
16,CHK20030227,2003,,volume,,,put,,weightedaveragedifferential,No,,@,,,,,,,,,,,,,,,,,,
22,CHK20030227,2003,360000,volume,25.10,,put,,weightedaveragedifferential,Yes,oil (bbls),swaps,,,,,,,,,,,,,,,,,,
24,CHK20030227,2003,3015000,volume,28.10,,put,,weightedaveragedifferential,No,oil (bbls),cap-swaps,,,,,,,,,,,,,,,,,,
3,CHK20040315,2004,171120000,volume,,5.31,weighted average strikeprice,,put,,natural gas (mmbtu),swaps,,call,,weightedaveragedifferential,Yes,,,,,,,,,,,,,
4,CHK20040315,2005,45550000,volume,,4.82,weighted average strikeprice,,put,,natural gas (mmbtu),swaps,,call,,weightedaveragedifferential,Yes,,,,,,,,,,,,,
5,CHK20040315,2006,25550000,volume,,4.74,weighted average strikeprice,,put,,natural gas (mmbtu),swaps,,call,,weightedaveragedifferential,Yes,,,,,,,,,,,,,
6,CHK20040315,2007,25550000,volume,,4.76,weighted average strikeprice,,put,,natural gas (mmbtu),swaps,,call,,weightedaveragedifferential,Yes,,,,,,,,,,,,,
9,CHK20040315,2004,157380000,volume,,,weighted average strikeprice,,put,,natural gas (mmbtu),basis protectionswaps,,call,Neg0.17,weightedaveragedifferential,No,,,,,,,,,,,,,
10,CHK20040315,2005,109500000,volume,,,weighted average strikeprice,,put,,natural gas (mmbtu),basis protectionswaps,,call,Neg0.16,weightedaveragedifferential,No,,,,,,,,,,,,,
11,CHK20040315,2006,47450000,volume,,,weighted average strikeprice,,put,,natural gas (mmbtu),basis protectionswaps,,call,Neg0.16,weightedaveragedifferential,No,,,,,,,,,,,,,
12,CHK20040315,2007,63875000,volume,,,weighted average strikeprice,,put,,natural gas (mmbtu),basis protectionswaps,,call,Neg0.17,weightedaveragedifferential,No,,,,,,,,,,,,,
13,CHK20040315,2008,64050000,volume,,,weighted average strikeprice,,put,,natural gas (mmbtu),basis protectionswaps,,call,Neg0.17,weightedaveragedifferential,No,,,,,,,,,,,,,
14,CHK20040315,2009,36500000,volume,,,weighted average strikeprice,,put,,natural gas (mmbtu),basis protectionswaps,,call,Neg0.16,weightedaveragedifferential,No,,,,,,,,,,,,,
17,CHK20040315,2004,29320000,volume,,5.31,weighted average strikeprice,3.75,put,,natural gas (mmbtu),cap-swaps,,call,,weightedaveragedifferential,No,,,,,,,,,,,,,
18,CHK20040315,2005,36500000,volume,,5.31,weighted average strikeprice,3.79,put,,natural gas (mmbtu),cap-swaps,,call,,weightedaveragedifferential,No,,,,,,,,,,,,,
19,CHK20040315,2006,7300000,volume,,5.36,weighted average strikeprice,3.75,put,,natural gas (mmbtu),cap-swaps,,call,,weightedaveragedifferential,No,,,,,,,,,,,,,
22,CHK20040315,2004,60760000,volume,,,weighted average strikeprice,,put,,natural gas (mmbtu),call options,6.30,call,,weightedaveragedifferential,No,16766,,,,,,,,,,,,
25,CHK20040315,2004,,volume,,,weighted average strikeprice,,put,,,@,,call,,weightedaveragedifferential,No,,,,,,,,,,,,,
32,CHK20040315,2004,4516000,volume,,28.68,weighted average strikeprice,21.76,put,,oil (bbls),cap-swaps,,call,,weightedaveragedifferential,No,,,,,,,,,,,,,
3,CHK20050309,2005,95355000,volume,,$6.72,fixedprice to bereceived,,put,,natural gas (mmbtu),swaps,,call,,weightedaveragedifferential,Yes,,,,,,,,,,,,,
4,CHK20050309,2006,18250000,volume,,6.60,fixedprice to bereceived,,put,,natural gas (mmbtu),swaps,,call,,weightedaveragedifferential,Yes,,,,,,,,,,,,,
7,CHK20050309,2005,188590000,volume,,,fixedprice to bereceived,,put,,natural gas (mmbtu),basis protection swaps,,call,Neg0.26,weightedaveragedifferential,No,,,,,,,,,,,,,
8,CHK20050309,2006,130140000,volume,,,fixedprice to bereceived,,put,,natural gas (mmbtu),basis protection swaps,,call,Neg0.32,weightedaveragedifferential,No,,,,,,,,,,,,,
9,CHK20050309,2007,126495000,volume,,,fixedprice to bereceived,,put,,natural gas (mmbtu),basis protection swaps,,call,Neg0.28,weightedaveragedifferential,No,,,,,,,,,,,,,
10,CHK20050309,2008,118610000,volume,,,fixedprice to bereceived,,put,,natural gas (mmbtu),basis protection swaps,,call,Neg0.27,weightedaveragedifferential,No,,,,,,,,,,,,,
11,CHK20050309,2009,86600000,volume,,,fixedprice to bereceived,,put,,natural gas (mmbtu),basis protection swaps,,call,Neg0.29,weightedaveragedifferential,No,,,,,,,,,,,,,
14,CHK20050309,2005,60225000,volume,,6.00,fixedprice to bereceived,4.32,put,,natural gas (mmbtu),cap-swaps,,call,,weightedaveragedifferential,No,,,,,,,,,,,,,
15,CHK20050309,2006,28350000,volume,,6.52,fixedprice to bereceived,4.93,put,,natural gas (mmbtu),cap-swaps,,call,,weightedaveragedifferential,No,,,,,,,,,,,,,
18,CHK20050309,2006,Neg7300000,volume,,Neg5.59,fixedprice to bereceived,,put,,natural gas (mmbtu),counter swaps,,call,,weightedaveragedifferential,No,,,,,,,,,,,,,
21,CHK20050309,2005,7300000,volume,,,fixedprice to bereceived,,put,,natural gas (mmbtu),call options,6.00,call,,weightedaveragedifferential,No,3249,,,,,,,,,,,,
24,CHK20050309,2005,4380000,volume,,,fixedprice to bereceived,3.10,put,,natural gas (mmbtu),collars,4.44,call,,weightedaveragedifferential,Yes,,,,,,,,,,,,,
27,CHK20050309,2005,38870000,volume,,,fixedprice to bereceived,,put,,natural gas (mmbtu),locked swaps,,call,,weightedaveragedifferential,No,,,,,,,,,,,,,
28,CHK20050309,2006,25550000,volume,,,fixedprice to bereceived,,put,,natural gas (mmbtu),locked swaps,,call,,weightedaveragedifferential,No,,,,,,,,,,,,,
29,CHK20050309,2007,25550000,volume,,,fixedprice to bereceived,,put,,natural gas (mmbtu),locked swaps,,call,,weightedaveragedifferential,No,,,,,,,,,,,,,
36,CHK20050309,2005,1995500,volume,,$40.20,fixedprice to bereceived,$31.44,put,,oil (bbls),cap-swaps,,call,,weightedaveragedifferential,No,,,,,,,,,,,,,
3,CHK20060314,12006,93030000,volume,,10.60,fixedprice to bereceived,,put,,natural gas (mmbtu),swaps,,call,,weightedaveragedifferential,Yes,,,,,,,,,,,,,
4,CHK20060314,22006,61880000,volume,,9.03,fixedprice to bereceived,,put,,natural gas (mmbtu),swaps,,call,,weightedaveragedifferential,Yes,,,,,,,,,,,,,
5,CHK20060314,32006,62560000,volume,,9.02,fixedprice to bereceived,,put,,natural gas (mmbtu),swaps,,call,,weightedaveragedifferential,Yes,,,,,,,,,,,,,
6,CHK20060314,42006,52155000,volume,,9.42,fixedprice to bereceived,,put,,natural gas (mmbtu),swaps,,call,,weightedaveragedifferential,Yes,,,,,,,,,,,,,
7,CHK20060314,12007,37800000,volume,,10.72,fixedprice to bereceived,,put,,natural gas (mmbtu),swaps,,call,,weightedaveragedifferential,Yes,,,,,,,,,,,,,
8,CHK20060314,22007,20020000,volume,,9.04,fixedprice to bereceived,,put,,natural gas (mmbtu),swaps,,call,,weightedaveragedifferential,Yes,,,,,,,,,,,,,
9,CHK20060314,32007,20240000,volume,,9.04,fixedprice to bereceived,,put,,natural gas (mmbtu),swaps,,call,,weightedaveragedifferential,Yes,,,,,,,,,,,,,
10,CHK20060314,42007,20240000,volume,,9.56,fixedprice to bereceived,,put,,natural gas (mmbtu),swaps,,call,,weightedaveragedifferential,Yes,,,,,,,,,,,,,
11,CHK20060314,12008,14105000,volume,,10.28,fixedprice to bereceived,,put,,natural gas (mmbtu),swaps,,call,,weightedaveragedifferential,Yes,,,,,,,,,,,,,
12,CHK20060314,22008,14105000,volume,,7.94,fixedprice to bereceived,,put,,natural gas (mmbtu),swaps,,call,,weightedaveragedifferential,Yes,,,,,,,,,,,,,
13,CHK20060314,32008,14260000,volume,,7.96,fixedprice to bereceived,,put,,natural gas (mmbtu),swaps,,call,,weightedaveragedifferential,Yes,,,,,,,,,,,,,
14,CHK20060314,42008,14260000,volume,,8.48,fixedprice to bereceived,,put,,natural gas (mmbtu),swaps,,call,,weightedaveragedifferential,Yes,,,,,,,,,,,,,
17,CHK20060314,12006,34200000,volume,,,fixedprice to bereceived,,put,,natural gas (mmbtu),basis protection swaps,,call,Neg0.33,weightedaveragedifferential,No,,,,,,,,,,,,,
18,CHK20060314,22006,30940000,volume,,,fixedprice to bereceived,,put,,natural gas (mmbtu),basis protection swaps,,call,Neg0.31,weightedaveragedifferential,No,,,,,,,,,,,,,
19,CHK20060314,32006,31280000,volume,,,fixedprice to bereceived,,put,,natural gas (mmbtu),basis protection swaps,,call,Neg0.31,weightedaveragedifferential,No,,,,,,,,,,,,,
20,CHK20060314,42006,33720000,volume,,,fixedprice to bereceived,,put,,natural gas (mmbtu),basis protection swaps,,call,Neg0.32,weightedaveragedifferential,No,,,,,,,,,,,,,
21,CHK20060314,12007,32850000,volume,,,fixedprice to bereceived,,put,,natural gas (mmbtu),basis protection swaps,,call,Neg0.29,weightedaveragedifferential,No,,,,,,,,,,,,,
22,CHK20060314,22007,34125000,volume,,,fixedprice to bereceived,,put,,natural gas (mmbtu),basis protection swaps,,call,Neg0.35,weightedaveragedifferential,No,,,,,,,,,,,,,
23,CHK20060314,32007,34500000,volume,,,fixedprice to bereceived,,put,,natural gas (mmbtu),basis protection swaps,,call,Neg0.35,weightedaveragedifferential,No,,,,,,,,,,,,,
24,CHK20060314,42007,35720000,volume,,,fixedprice to bereceived,,put,,natural gas (mmbtu),basis protection swaps,,call,Neg0.32,weightedaveragedifferential,No,,,,,,,,,,,,,
25,CHK20060314,12008,33215000,volume,,,fixedprice to bereceived,,put,,natural gas (mmbtu),basis protection swaps,,call,Neg0.29,weightedaveragedifferential,No,,,,,,,,,,,,,
26,CHK20060314,22008,26845000,volume,,,fixedprice to bereceived,,put,,natural gas (mmbtu),basis protection swaps,,call,Neg0.25,weightedaveragedifferential,No,,,,,,,,,,,,,
27,CHK20060314,32008,27140000,volume,,,fixedprice to bereceived,,put,,natural gas (mmbtu),basis protection swaps,,call,Neg0.25,weightedaveragedifferential,No,,,,,,,,,,,,,
28,CHK20060314,42008,31410000,volume,,,fixedprice to bereceived,,put,,natural gas (mmbtu),basis protection swaps,,call,Neg0.28,weightedaveragedifferential,No,,,,,,,,,,,,,
29,CHK20060314,12009,26100000,volume,,,fixedprice to bereceived,,put,,natural gas (mmbtu),basis protection swaps,,call,Neg0.32,weightedaveragedifferential,No,,,,,,,,,,,,,
30,CHK20060314,22009,20020000,volume,,,fixedprice to bereceived,,put,,natural gas (mmbtu),basis protection swaps,,call,Neg0.28,weightedaveragedifferential,No,,,,,,,,,,,,,
31,CHK20060314,32009,20240000,volume,,,fixedprice to bereceived,,put,,natural gas (mmbtu),basis protection swaps,,call,Neg0.28,weightedaveragedifferential,No,,,,,,,,,,,,,
32,CHK20060314,42009,20240000,volume,,,fixedprice to bereceived,,put,,natural gas (mmbtu),basis protection swaps,,call,Neg0.28,weightedaveragedifferential,No,,,,,,,,,,,,,
35,CHK20060314,12006,7200000,volume,,7.11,fixedprice to bereceived,5.06,put,,natural gas (mmbtu),cap-swaps,,call,,weightedaveragedifferential,No,,,,,,,,,,,,,
36,CHK20060314,22006,11830000,volume,,6.84,fixedprice to bereceived,5.13,put,,natural gas (mmbtu),cap-swaps,,call,,weightedaveragedifferential,No,,,,,,,,,,,,,
37,CHK20060314,32006,11960000,volume,,6.85,fixedprice to bereceived,5.13,put,,natural gas (mmbtu),cap-swaps,,call,,weightedaveragedifferential,No,,,,,,,,,,,,,
38,CHK20060314,42006,11960000,volume,,6.89,fixedprice to bereceived,5.13,put,,natural gas (mmbtu),cap-swaps,,call,,weightedaveragedifferential,No,,,,,,,,,,,,,
41,CHK20060314,12006,Neg1800000,volume,,Neg6.19,fixedprice to bereceived,,put,,natural gas (mmbtu),counter swaps,,call,,weightedaveragedifferential,No,,,,,,,,,,,,,
42,CHK20060314,22006,Neg1820000,volume,,Neg5.35,fixedprice to bereceived,,put,,natural gas (mmbtu),counter swaps,,call,,weightedaveragedifferential,No,,,,,,,,,,,,,
43,CHK20060314,32006,Neg1840000,volume,,Neg5.33,fixedprice to bereceived,,put,,natural gas (mmbtu),counter swaps,,call,,weightedaveragedifferential,No,,,,,,,,,,,,,
44,CHK20060314,42006,Neg1840000,volume,,Neg5.50,fixedprice to bereceived,,put,,natural gas (mmbtu),counter swaps,,call,,weightedaveragedifferential,No,,,,,,,,,,,,,
47,CHK20060314,12006,1800000,volume,,,fixedprice to bereceived,,put,,natural gas (mmbtu),call options,12.50,call,,weightedaveragedifferential,No,,1890,,,,,,,,,,,
48,CHK20060314,22006,1820000,volume,,,fixedprice to bereceived,,put,,natural gas (mmbtu),call options,12.50,call,,weightedaveragedifferential,No,,1911,,,,,,,,,,,
49,CHK20060314,32006,1840000,volume,,,fixedprice to bereceived,,put,,natural gas (mmbtu),call options,12.50,call,,weightedaveragedifferential,No,,1932,,,,,,,,,,,
50,CHK20060314,42006,1840000,volume,,,fixedprice to bereceived,,put,,natural gas (mmbtu),call options,12.50,call,,weightedaveragedifferential,No,,1932,,,,,,,,,,,
51,CHK20060314,12007,1800000,volume,,,fixedprice to bereceived,,put,,natural gas (mmbtu),call options,12.50,call,,weightedaveragedifferential,No,,1890,,,,,,,,,,,
52,CHK20060314,22007,1820000,volume,,,fixedprice to bereceived,,put,,natural gas (mmbtu),call options,12.50,call,,weightedaveragedifferential,No,,1911,,,,,,,,,,,
53,CHK20060314,32007,1840000,volume,,,fixedprice to bereceived,,put,,natural gas (mmbtu),call options,12.50,call,,weightedaveragedifferential,No,,1932,,,,,,,,,,,
54,CHK20060314,42007,1840000,volume,,,fixedprice to bereceived,,put,,natural gas (mmbtu),call options,12.50,call,,weightedaveragedifferential,No,,1932,,,,,,,,,,,
55,CHK20060314,12008,1820000,volume,,,fixedprice to bereceived,,put,,natural gas (mmbtu),call options,12.50,call,,weightedaveragedifferential,No,,1911,,,,,,,,,,,
56,CHK20060314,22008,1820000,volume,,,fixedprice to bereceived,,put,,natural gas (mmbtu),call options,12.50,call,,weightedaveragedifferential,No,,1911,,,,,,,,,,,
57,CHK20060314,32008,1840000,volume,,,fixedprice to bereceived,,put,,natural gas (mmbtu),call options,12.50,call,,weightedaveragedifferential,No,,1932,,,,,,,,,,,
58,CHK20060314,42008,1840000,volume,,,fixedprice to bereceived,,put,,natural gas (mmbtu),call options,12.50,call,,weightedaveragedifferential,No,,1932,,,,,,,,,,,
3,CHK20060314,12006,180000,"volume,",,,fixedprice to bereceived,6.00,put,,,collars,9.70,call,,,,,,Yes,,,,,,,,,,
6,CHK20060314,12006,6300000,"volume,",,,fixedprice to bereceived,,put,,,locked swaps,,call,,,,,,No,,,,,,,,,,
7,CHK20060314,22006,6370000,"volume,",,,fixedprice to bereceived,,put,,,locked swaps,,call,,,,,,No,,,,,,,,,,
8,CHK20060314,32006,6440000,"volume,",,,fixedprice to bereceived,,put,,,locked swaps,,call,,,,,,No,,,,,,,,,,
9,CHK20060314,42006,6440000,"volume,",,,fixedprice to bereceived,,put,,,locked swaps,,call,,,,,,No,,,,,,,,,,
10,CHK20060314,12007,6300000,"volume,",,,fixedprice to bereceived,,put,,,locked swaps,,call,,,,,,No,,,,,,,,,,
11,CHK20060314,22007,6370000,"volume,",,,fixedprice to bereceived,,put,,,locked swaps,,call,,,,,,No,,,,,,,,,,
12,CHK20060314,32007,6440000,"volume,",,,fixedprice to bereceived,,put,,,locked swaps,,call,,,,,,No,,,,,,,,,,
13,CHK20060314,42007,6440000,"volume,",,,fixedprice to bereceived,,put,,,locked swaps,,call,,,,,,No,,,,,,,,,,
16,CHK20060314,12006,Neg2700000,"volume,",,Neg7.96,fixedprice to bereceived,,put,,,floating-price swaps,,call,,,,,,No,,,,,,,,,,
22,CHK20060314,12006,900000,"volume,",,60.00,fixedprice to bereceived,,put,,oil (bbls),swaps,,call,,,,,,Yes,,,,,,,,,,
23,CHK20060314,22006,880000,"volume,",,59.88,fixedprice to bereceived,,put,,oil (bbls),swaps,,call,,,,,,Yes,,,,,,,,,,
24,CHK20060314,32006,828000,"volume,",,60.16,fixedprice to bereceived,,put,,oil (bbls),swaps,,call,,,,,,Yes,,,,,,,,,,
25,CHK20060314,42006,828000,"volume,",,59.78,fixedprice to bereceived,,put,,oil (bbls),swaps,,call,,,,,,Yes,,,,,,,,,,
26,CHK20060314,12007,360000,"volume,",,57.13,fixedprice to bereceived,,put,,oil (bbls),swaps,,call,,,,,,Yes,,,,,,,,,,
27,CHK20060314,22007,91000,"volume,",,51.04,fixedprice to bereceived,,put,,oil (bbls),swaps,,call,,,,,,Yes,,,,,,,,,,
28,CHK20060314,32007,92000,"volume,",,50.56,fixedprice to bereceived,,put,,oil (bbls),swaps,,call,,,,,,Yes,,,,,,,,,,
29,CHK20060314,42007,92000,"volume,",,50.11,fixedprice to bereceived,,put,,oil (bbls),swaps,,call,,,,,,Yes,,,,,,,,,,
32,CHK20060314,12006,135000,"volume,",,57.82,fixedprice to bereceived,40.67,put,,oil (bbls),cap-swaps,,call,,,,,,No,,,,,,,,,,
33,CHK20060314,22006,136500,"volume,",,57.82,fixedprice to bereceived,40.67,put,,oil (bbls),cap-swaps,,call,,,,,,No,,,,,,,,,,
34,CHK20060314,32006,138000,"volume,",,57.82,fixedprice to bereceived,40.67,put,,oil (bbls),cap-swaps,,call,,,,,,No,,,,,,,,,,
35,CHK20060314,42006,92000,"volume,",,56.53,fixedprice to bereceived,40.00,put,,oil (bbls),cap-swaps,,call,,,,,,No,,,,,,,,,,
3,CHK20060314,12006,7872500,volume,,4.91,fixedprice to bereceived,,put,,natural gas (mmbtu),swaps,,call,,,Yes,,,,,,,,,,,,,
4,CHK20060314,22006,10510500,volume,,4.86,fixedprice to bereceived,,put,,natural gas (mmbtu),swaps,,call,,,Yes,,,,,,,,,,,,,
5,CHK20060314,32006,10626000,volume,,4.86,fixedprice to bereceived,,put,,natural gas (mmbtu),swaps,,call,,,Yes,,,,,,,,,,,,,
6,CHK20060314,42006,10626000,volume,,4.86,fixedprice to bereceived,,put,,natural gas (mmbtu),swaps,,call,,,Yes,,,,,,,,,,,,,
7,CHK20060314,12007,10350000,volume,,4.82,fixedprice to bereceived,,put,,natural gas (mmbtu),swaps,,call,,,Yes,,,,,,,,,,,,,
8,CHK20060314,22007,10465000,volume,,4.82,fixedprice to bereceived,,put,,natural gas (mmbtu),swaps,,call,,,Yes,,,,,,,,,,,,,
9,CHK20060314,32007,10580000,volume,,4.82,fixedprice to bereceived,,put,,natural gas (mmbtu),swaps,,call,,,Yes,,,,,,,,,,,,,
10,CHK20060314,42007,10580000,volume,,4.82,fixedprice to bereceived,,put,,natural gas (mmbtu),swaps,,call,,,Yes,,,,,,,,,,,,,
11,CHK20060314,12008,9555000,volume,,4.68,fixedprice to bereceived,,put,,natural gas (mmbtu),swaps,,call,,,Yes,,,,,,,,,,,,,
12,CHK20060314,22008,9555000,volume,,4.68,fixedprice to bereceived,,put,,natural gas (mmbtu),swaps,,call,,,Yes,,,,,,,,,,,,,
13,CHK20060314,32008,9660000,volume,,4.68,fixedprice to bereceived,,put,,natural gas (mmbtu),swaps,,call,,,Yes,,,,,,,,,,,,,
14,CHK20060314,42008,9660000,volume,,4.66,fixedprice to bereceived,,put,,natural gas (mmbtu),swaps,,call,,,Yes,,,,,,,,,,,,,
15,CHK20060314,12009,4500000,volume,,5.18,fixedprice to bereceived,,put,,natural gas (mmbtu),swaps,,call,,,Yes,,,,,,,,,,,,,
16,CHK20060314,22009,4550000,volume,,5.18,fixedprice to bereceived,,put,,natural gas (mmbtu),swaps,,call,,,Yes,,,,,,,,,,,,,
17,CHK20060314,32009,4600000,volume,,5.18,fixedprice to bereceived,,put,,natural gas (mmbtu),swaps,,call,,,Yes,,,,,,,,,,,,,
18,CHK20060314,42009,4600000,volume,,5.18,fixedprice to bereceived,,put,,natural gas (mmbtu),swaps,,call,,,Yes,,,,,,,,,,,,,
23,CHK20060314,12009,900000,volume,,,fixedprice to bereceived,4.50,put,,natural gas (mmbtu),collars,6.00,call,,,Yes,,,,,,,,,,,,,
24,CHK20060314,22009,910000,volume,,,fixedprice to bereceived,4.50,put,,natural gas (mmbtu),collars,6.00,call,,,Yes,,,,,,,,,,,,,
25,CHK20060314,32009,920000,volume,,,fixedprice to bereceived,4.50,put,,natural gas (mmbtu),collars,6.00,call,,,Yes,,,,,,,,,,,,,
26,CHK20060314,42009,920000,volume,,,fixedprice to bereceived,4.50,put,,natural gas (mmbtu),collars,6.00,call,,,Yes,,,,,,,,,,,,,
3,CHK20070301,12007,28520000,volume,,$8.34,fixedprice to bereceived,,put,,natural gas (mmbtu),swaps,,weightedaveragedifferential,,,,,,,Yes,,,,,,,,,
4,CHK20070301,22007,3930000,volume,,5.55,fixedprice to bereceived,,put,,natural gas (mmbtu),swaps,,weightedaveragedifferential,,,,,,,Yes,,,,,,,,,
5,CHK20070301,32007,6900000,volume,,6.59,fixedprice to bereceived,,put,,natural gas (mmbtu),swaps,,weightedaveragedifferential,,,,,,,Yes,,,,,,,,,
6,CHK20070301,42007,6900000,volume,,7.58,fixedprice to bereceived,,put,,natural gas (mmbtu),swaps,,weightedaveragedifferential,,,,,,,Yes,,,,,,,,,
7,CHK20070301,12008,36172500,volume,,11.03,fixedprice to bereceived,,put,,natural gas (mmbtu),swaps,,weightedaveragedifferential,,,,,,,Yes,,,,,,,,,
8,CHK20070301,22008,49822500,volume,,8.36,fixedprice to bereceived,,put,,natural gas (mmbtu),swaps,,weightedaveragedifferential,,,,,,,Yes,,,,,,,,,
9,CHK20070301,32008,50370000,volume,,8.42,fixedprice to bereceived,,put,,natural gas (mmbtu),swaps,,weightedaveragedifferential,,,,,,,Yes,,,,,,,,,
10,CHK20070301,42008,50370000,volume,,9.03,fixedprice to bereceived,,put,,natural gas (mmbtu),swaps,,weightedaveragedifferential,,,,,,,Yes,,,,,,,,,
13,CHK20070301,12007,37350000,volume,,,fixedprice to bereceived,,put,,natural gas (mmbtu),basis protection swaps (mid-continent),Neg0.36,weightedaveragedifferential,,,,,,,No,,,,,,,,,
14,CHK20070301,22007,34125000,volume,,,fixedprice to bereceived,,put,,natural gas (mmbtu),basis protection swaps (mid-continent),Neg0.35,weightedaveragedifferential,,,,,,,No,,,,,,,,,
15,CHK20070301,32007,34500000,volume,,,fixedprice to bereceived,,put,,natural gas (mmbtu),basis protection swaps (mid-continent),Neg0.35,weightedaveragedifferential,,,,,,,No,,,,,,,,,
16,CHK20070301,42007,35720000,volume,,,fixedprice to bereceived,,put,,natural gas (mmbtu),basis protection swaps (mid-continent),Neg0.32,weightedaveragedifferential,,,,,,,No,,,,,,,,,
17,CHK20070301,12008,33215000,volume,,,fixedprice to bereceived,,put,,natural gas (mmbtu),basis protection swaps (mid-continent),Neg0.30,weightedaveragedifferential,,,,,,,No,,,,,,,,,
18,CHK20070301,22008,26845000,volume,,,fixedprice to bereceived,,put,,natural gas (mmbtu),basis protection swaps (mid-continent),Neg0.25,weightedaveragedifferential,,,,,,,No,,,,,,,,,
19,CHK20070301,32008,27140000,volume,,,fixedprice to bereceived,,put,,natural gas (mmbtu),basis protection swaps (mid-continent),Neg0.25,weightedaveragedifferential,,,,,,,No,,,,,,,,,
20,CHK20070301,42008,31410000,volume,,,fixedprice to bereceived,,put,,natural gas (mmbtu),basis protection swaps (mid-continent),Neg0.28,weightedaveragedifferential,,,,,,,No,,,,,,,,,
21,CHK20070301,12009,26100000,volume,,,fixedprice to bereceived,,put,,natural gas (mmbtu),basis protection swaps (mid-continent),Neg0.32,weightedaveragedifferential,,,,,,,No,,,,,,,,,
22,CHK20070301,22009,20020000,volume,,,fixedprice to bereceived,,put,,natural gas (mmbtu),basis protection swaps (mid-continent),Neg0.28,weightedaveragedifferential,,,,,,,No,,,,,,,,,
23,CHK20070301,32009,20240000,volume,,,fixedprice to bereceived,,put,,natural gas (mmbtu),basis protection swaps (mid-continent),Neg0.28,weightedaveragedifferential,,,,,,,No,,,,,,,,,
24,CHK20070301,42009,20240000,volume,,,fixedprice to bereceived,,put,,natural gas (mmbtu),basis protection swaps (mid-continent),Neg0.28,weightedaveragedifferential,,,,,,,No,,,,,,,,,
27,CHK20070301,12007,9000000,volume,,,fixedprice to bereceived,,put,,natural gas (mmbtu),basis protection swaps (appalachian basin),0.35,weightedaveragedifferential,,,,,,,No,,,,,,,,,
28,CHK20070301,22007,9100000,volume,,,fixedprice to bereceived,,put,,natural gas (mmbtu),basis protection swaps (appalachian basin),0.35,weightedaveragedifferential,,,,,,,No,,,,,,,,,
29,CHK20070301,32007,9200000,volume,,,fixedprice to bereceived,,put,,natural gas (mmbtu),basis protection swaps (appalachian basin),0.35,weightedaveragedifferential,,,,,,,No,,,,,,,,,
30,CHK20070301,42007,9200000,volume,,,fixedprice to bereceived,,put,,natural gas (mmbtu),basis protection swaps (appalachian basin),0.35,weightedaveragedifferential,,,,,,,No,,,,,,,,,
31,CHK20070301,12008,9100000,volume,,,fixedprice to bereceived,,put,,natural gas (mmbtu),basis protection swaps (appalachian basin),0.35,weightedaveragedifferential,,,,,,,No,,,,,,,,,
32,CHK20070301,22008,9100000,volume,,,fixedprice to bereceived,,put,,natural gas (mmbtu),basis protection swaps (appalachian basin),0.35,weightedaveragedifferential,,,,,,,No,,,,,,,,,
33,CHK20070301,32008,9200000,volume,,,fixedprice to bereceived,,put,,natural gas (mmbtu),basis protection swaps (appalachian basin),0.35,weightedaveragedifferential,,,,,,,No,,,,,,,,,
34,CHK20070301,42008,9200000,volume,,,fixedprice to bereceived,,put,,natural gas (mmbtu),basis protection swaps (appalachian basin),0.35,weightedaveragedifferential,,,,,,,No,,,,,,,,,
35,CHK20070301,12009,4500000,volume,,,fixedprice to bereceived,,put,,natural gas (mmbtu),basis protection swaps (appalachian basin),0.31,weightedaveragedifferential,,,,,,,No,,,,,,,,,
36,CHK20070301,22009,4550000,volume,,,fixedprice to bereceived,,put,,natural gas (mmbtu),basis protection swaps (appalachian basin),0.31,weightedaveragedifferential,,,,,,,No,,,,,,,,,
37,CHK20070301,32009,4600000,volume,,,fixedprice to bereceived,,put,,natural gas (mmbtu),basis protection swaps (appalachian basin),0.31,weightedaveragedifferential,,,,,,,No,,,,,,,,,
38,CHK20070301,42009,4600000,volume,,,fixedprice to bereceived,,put,,natural gas (mmbtu),basis protection swaps (appalachian basin),0.31,weightedaveragedifferential,,,,,,,No,,,,,,,,,
41,CHK20070301,12007,12150000,volume,,11.48,fixedprice to bereceived,5.70,put,,natural gas (mmbtu),cap-swaps,,weightedaveragedifferential,,,,,,,No,,,,,,,,,
42,CHK20070301,22007,19110000,volume,,9.57,fixedprice to bereceived,5.91,put,,natural gas (mmbtu),cap-swaps,,weightedaveragedifferential,,,,,,,No,,,,,,,,,
43,CHK20070301,32007,19320000,volume,,9.76,fixedprice to bereceived,5.91,put,,natural gas (mmbtu),cap-swaps,,weightedaveragedifferential,,,,,,,No,,,,,,,,,
44,CHK20070301,42007,19320000,volume,,10.56,fixedprice to bereceived,5.91,put,,natural gas (mmbtu),cap-swaps,,weightedaveragedifferential,,,,,,,No,,,,,,,,,
45,CHK20070301,12008,19110000,volume,,11.58,fixedprice to bereceived,6.18,put,,natural gas (mmbtu),cap-swaps,,weightedaveragedifferential,,,,,,,No,,,,,,,,,
46,CHK20070301,22008,19110000,volume,,10.00,fixedprice to bereceived,6.18,put,,natural gas (mmbtu),cap-swaps,,weightedaveragedifferential,,,,,,,No,,,,,,,,,
47,CHK20070301,32008,19320000,volume,,10.09,fixedprice to bereceived,6.18,put,,natural gas (mmbtu),cap-swaps,,weightedaveragedifferential,,,,,,,No,,,,,,,,,
48,CHK20070301,42008,19320000,volume,,10.65,fixedprice to bereceived,6.18,put,,natural gas (mmbtu),cap-swaps,,weightedaveragedifferential,,,,,,,No,,,,,,,,,
3,CHK20070301,12007,Neg3410000,"volume,",,Neg8.33,fixedprice to bereceived,,put,,,counter-swaps,,call,,,,,,,,No,,,,,,,,
4,CHK20070301,22007,Neg1375000,"volume,",,Neg7.73,fixedprice to bereceived,,put,,,counter-swaps,,call,,,,,,,,No,,,,,,,,
7,CHK20070301,12007,1800000,"volume,",,,fixedprice to bereceived,,put,,,call options,12.50,call,,,,,,,,No,1890,,,,,,,
8,CHK20070301,22007,1820000,"volume,",,,fixedprice to bereceived,,put,,,call options,12.50,call,,,,,,,,No,1911,,,,,,,
9,CHK20070301,32007,1840000,"volume,",,,fixedprice to bereceived,,put,,,call options,12.50,call,,,,,,,,No,1932,,,,,,,
10,CHK20070301,42007,1840000,"volume,",,,fixedprice to bereceived,,put,,,call options,12.50,call,,,,,,,,No,1932,,,,,,,
11,CHK20070301,12008,1820000,"volume,",,,fixedprice to bereceived,,put,,,call options,12.50,call,,,,,,,,No,1911,,,,,,,
12,CHK20070301,22008,1820000,"volume,",,,fixedprice to bereceived,,put,,,call options,12.50,call,,,,,,,,No,1911,,,,,,,
13,CHK20070301,32008,1840000,"volume,",,,fixedprice to bereceived,,put,,,call options,12.50,call,,,,,,,,No,1932,,,,,,,
14,CHK20070301,42008,1840000,"volume,",,,fixedprice to bereceived,,put,,,call options,12.50,call,,,,,,,,No,1932,,,,,,,
20,CHK20070301,12007,937000,"volume,",,$71.01,fixedprice to bereceived,,put,,oil (bbls),swaps,,call,,,,,,,,Yes,,,,,,,,
21,CHK20070301,22007,1092000,"volume,",,70.04,fixedprice to bereceived,,put,,oil (bbls),swaps,,call,,,,,,,,Yes,,,,,,,,
22,CHK20070301,32007,1104000,"volume,",,69.71,fixedprice to bereceived,,put,,oil (bbls),swaps,,call,,,,,,,,Yes,,,,,,,,
23,CHK20070301,42007,1104000,"volume,",,69.31,fixedprice to bereceived,,put,,oil (bbls),swaps,,call,,,,,,,,Yes,,,,,,,,
24,CHK20070301,12008,1001000,"volume,",,70.44,fixedprice to bereceived,,put,,oil (bbls),swaps,,call,,,,,,,,Yes,,,,,,,,
25,CHK20070301,22008,1001000,"volume,",,70.02,fixedprice to bereceived,,put,,oil (bbls),swaps,,call,,,,,,,,Yes,,,,,,,,
26,CHK20070301,32008,1012000,"volume,",,69.60,fixedprice to bereceived,,put,,oil (bbls),swaps,,call,,,,,,,,Yes,,,,,,,,
27,CHK20070301,42008,920000,"volume,",,68.79,fixedprice to bereceived,,put,,oil (bbls),swaps,,call,,,,,,,,Yes,,,,,,,,
28,CHK20070301,12009,45000,"volume,",,66.64,fixedprice to bereceived,,put,,oil (bbls),swaps,,call,,,,,,,,Yes,,,,,,,,
29,CHK20070301,22009,45500,"volume,",,66.27,fixedprice to bereceived,,put,,oil (bbls),swaps,,call,,,,,,,,Yes,,,,,,,,
30,CHK20070301,32009,46000,"volume,",,65.92,fixedprice to bereceived,,put,,oil (bbls),swaps,,call,,,,,,,,Yes,,,,,,,,
31,CHK20070301,42009,46000,"volume,",,65.56,fixedprice to bereceived,,put,,oil (bbls),swaps,,call,,,,,,,,Yes,,,,,,,,
34,CHK20070301,12007,360000,"volume,",,78.53,fixedprice to bereceived,56.25,put,,oil (bbls),cap-swaps,,call,,,,,,,,No,,,,,,,,
35,CHK20070301,22007,364000,"volume,",,78.53,fixedprice to bereceived,56.25,put,,oil (bbls),cap-swaps,,call,,,,,,,,No,,,,,,,,
36,CHK20070301,32007,368000,"volume,",,78.53,fixedprice to bereceived,56.25,put,,oil (bbls),cap-swaps,,call,,,,,,,,No,,,,,,,,
37,CHK20070301,42007,368000,"volume,",,78.53,fixedprice to bereceived,56.25,put,,oil (bbls),cap-swaps,,call,,,,,,,,No,,,,,,,,
38,CHK20070301,12008,273000,"volume,",,77.60,fixedprice to bereceived,55.00,put,,oil (bbls),cap-swaps,,call,,,,,,,,No,,,,,,,,
39,CHK20070301,22008,273000,"volume,",,77.60,fixedprice to bereceived,55.00,put,,oil (bbls),cap-swaps,,call,,,,,,,,No,,,,,,,,
40,CHK20070301,32008,276000,"volume,",,77.60,fixedprice to bereceived,55.00,put,,oil (bbls),cap-swaps,,call,,,,,,,,No,,,,,,,,
41,CHK20070301,42008,276000,"volume,",,77.60,fixedprice to bereceived,55.00,put,,oil (bbls),cap-swaps,,call,,,,,,,,No,,,,,,,,
3,CHK20070301,12007,10350000,volume,,$4.82,fixedprice to bereceived,,put,,natural gas (mmbtu),swaps,,call,,,,,,,Yes,,,,,,,,,
4,CHK20070301,22007,10465000,volume,,4.82,fixedprice to bereceived,,put,,natural gas (mmbtu),swaps,,call,,,,,,,Yes,,,,,,,,,
5,CHK20070301,32007,10580000,volume,,4.82,fixedprice to bereceived,,put,,natural gas (mmbtu),swaps,,call,,,,,,,Yes,,,,,,,,,
6,CHK20070301,42007,10580000,volume,,4.82,fixedprice to bereceived,,put,,natural gas (mmbtu),swaps,,call,,,,,,,Yes,,,,,,,,,
7,CHK20070301,12008,9555000,volume,,4.68,fixedprice to bereceived,,put,,natural gas (mmbtu),swaps,,call,,,,,,,Yes,,,,,,,,,
8,CHK20070301,22008,9555000,volume,,4.68,fixedprice to bereceived,,put,,natural gas (mmbtu),swaps,,call,,,,,,,Yes,,,,,,,,,
9,CHK20070301,32008,9660000,volume,,4.68,fixedprice to bereceived,,put,,natural gas (mmbtu),swaps,,call,,,,,,,Yes,,,,,,,,,
10,CHK20070301,42008,9660000,volume,,4.66,fixedprice to bereceived,,put,,natural gas (mmbtu),swaps,,call,,,,,,,Yes,,,,,,,,,
11,CHK20070301,12009,4500000,volume,,5.18,fixedprice to bereceived,,put,,natural gas (mmbtu),swaps,,call,,,,,,,Yes,,,,,,,,,
12,CHK20070301,22009,4550000,volume,,5.18,fixedprice to bereceived,,put,,natural gas (mmbtu),swaps,,call,,,,,,,Yes,,,,,,,,,
13,CHK20070301,32009,4600000,volume,,5.18,fixedprice to bereceived,,put,,natural gas (mmbtu),swaps,,call,,,,,,,Yes,,,,,,,,,
14,CHK20070301,42009,4600000,volume,,5.18,fixedprice to bereceived,,put,,natural gas (mmbtu),swaps,,call,,,,,,,Yes,,,,,,,,,
17,CHK20070301,12009,900000,volume,,,fixedprice to bereceived,4.50,put,,natural gas (mmbtu),collars,6.00,call,,,,,,,Yes,,,,,,,,,
18,CHK20070301,22009,910000,volume,,,fixedprice to bereceived,4.50,put,,natural gas (mmbtu),collars,6.00,call,,,,,,,Yes,,,,,,,,,
19,CHK20070301,32009,920000,volume,,,fixedprice to bereceived,4.50,put,,natural gas (mmbtu),collars,6.00,call,,,,,,,Yes,,,,,,,,,
20,CHK20070301,42009,920000,volume,,,fixedprice to bereceived,4.50,put,,natural gas (mmbtu),collars,6.00,call,,,,,,,Yes,,,,,,,,,
3,CHK20080229,12008,110665,volume,,$8.56,fixedprice to bereceived,,put,,natural gas (bbtu),swaps,,call,,weightedaveragedifferential,Yes,,,,,,,,,,,,,
4,CHK20080229,22008,57425,volume,,7.93,fixedprice to bereceived,,put,,natural gas (bbtu),swaps,,call,,weightedaveragedifferential,Yes,,,,,,,,,,,,,
5,CHK20080229,32008,56133,volume,,8.06,fixedprice to bereceived,,put,,natural gas (bbtu),swaps,,call,,weightedaveragedifferential,Yes,,,,,,,,,,,,,
6,CHK20080229,42008,53770,volume,,8.62,fixedprice to bereceived,,put,,natural gas (bbtu),swaps,,call,,weightedaveragedifferential,Yes,,,,,,,,,,,,,
7,CHK20080229,2009,57062,volume,,8.22,fixedprice to bereceived,,put,,natural gas (bbtu),swaps,,call,,weightedaveragedifferential,Yes,,,,,,,,,,,,,
8,CHK20080229,2010,10199,volume,,7.86,fixedprice to bereceived,,put,,natural gas (bbtu),swaps,,call,,weightedaveragedifferential,Yes,,,,,,,,,,,,,
9,CHK20080229,20112022,148,volume,,7.65,fixedprice to bereceived,,put,,natural gas (bbtu),swaps,,call,,weightedaveragedifferential,Yes,,,,,,,,,,,,,
12,CHK20080229,12008,33215,volume,,,fixedprice to bereceived,,put,,natural gas (bbtu),basis protection swaps (mid-continent),,call,Neg0.30,weightedaveragedifferential,No,,,,,,,,,,,,,
13,CHK20080229,22008,26845,volume,,,fixedprice to bereceived,,put,,natural gas (bbtu),basis protection swaps (mid-continent),,call,Neg0.25,weightedaveragedifferential,No,,,,,,,,,,,,,
14,CHK20080229,32008,27140,volume,,,fixedprice to bereceived,,put,,natural gas (bbtu),basis protection swaps (mid-continent),,call,Neg0.25,weightedaveragedifferential,No,,,,,,,,,,,,,
15,CHK20080229,42008,31410,volume,,,fixedprice to bereceived,,put,,natural gas (bbtu),basis protection swaps (mid-continent),,call,Neg0.28,weightedaveragedifferential,No,,,,,,,,,,,,,
16,CHK20080229,2009,86600,volume,,,fixedprice to bereceived,,put,,natural gas (bbtu),basis protection swaps (mid-continent),,call,Neg0.29,weightedaveragedifferential,No,,,,,,,,,,,,,
17,CHK20080229,2012,10700,volume,,,fixedprice to bereceived,,put,,natural gas (bbtu),basis protection swaps (mid-continent),,call,Neg0.34,weightedaveragedifferential,No,,,,,,,,,,,,,
20,CHK20080229,12008,5622,volume,,,fixedprice to bereceived,,put,,natural gas (bbtu),basis protection swaps (appalachian basin),,call,0.32,weightedaveragedifferential,No,,,,,,,,,,,,,
21,CHK20080229,22008,5783,volume,,,fixedprice to bereceived,,put,,natural gas (bbtu),basis protection swaps (appalachian basin),,call,0.33,weightedaveragedifferential,No,,,,,,,,,,,,,
22,CHK20080229,32008,5763,volume,,,fixedprice to bereceived,,put,,natural gas (bbtu),basis protection swaps (appalachian basin),,call,0.33,weightedaveragedifferential,No,,,,,,,,,,,,,
23,CHK20080229,42008,5840,volume,,,fixedprice to bereceived,,put,,natural gas (bbtu),basis protection swaps (appalachian basin),,call,0.33,weightedaveragedifferential,No,,,,,,,,,,,,,
24,CHK20080229,2009,16912,volume,,,fixedprice to bereceived,,put,,natural gas (bbtu),basis protection swaps (appalachian basin),,call,0.28,weightedaveragedifferential,No,,,,,,,,,,,,,
25,CHK20080229,2010,10199,volume,,,fixedprice to bereceived,,put,,natural gas (bbtu),basis protection swaps (appalachian basin),,call,0.26,weightedaveragedifferential,No,,,,,,,,,,,,,
26,CHK20080229,2011,12086,volume,,,fixedprice to bereceived,,put,,natural gas (bbtu),basis protection swaps (appalachian basin),,call,0.25,weightedaveragedifferential,No,,,,,,,,,,,,,
27,CHK20080229,20122022,134,volume,,,fixedprice to bereceived,,put,,natural gas (bbtu),basis protection swaps (appalachian basin),,call,0.11,weightedaveragedifferential,No,,,,,,,,,,,,,
30,CHK20080229,12008,6370,volume,,$7.89,fixedprice to bereceived,,put,,natural gas (bbtu),other swaps,,call,,weightedaveragedifferential,No,,,,,,,,,,,,,
31,CHK20080229,22008,6050,volume,,8.47,fixedprice to bereceived,,put,,natural gas (bbtu),other swaps,,call,,weightedaveragedifferential,No,,,,,,,,,,,,,
32,CHK20080229,32008,4600,volume,,8.73,fixedprice to bereceived,,put,,natural gas (bbtu),other swaps,,call,,weightedaveragedifferential,No,,,,,,,,,,,,,
33,CHK20080229,42008,4600,volume,,8.73,fixedprice to bereceived,,put,,natural gas (bbtu),other swaps,,call,,weightedaveragedifferential,No,,,,,,,,,,,,,
34,CHK20080229,2009,22750,volume,,8.73,fixedprice to bereceived,,put,,natural gas (bbtu),other swaps,,call,,weightedaveragedifferential,No,,,,,,,,,,,,,
35,CHK20080229,2010,18250,volume,,8.73,fixedprice to bereceived,,put,,natural gas (bbtu),other swaps,,call,,weightedaveragedifferential,No,,,,,,,,,,,,,
38,CHK20080229,12008,8190,volume,,10.83,fixedprice to bereceived,5.94,put,,natural gas (bbtu),knockout swaps,,call,,weightedaveragedifferential,No,,,,,,,,,,,,,
39,CHK20080229,22008,60380,volume,,9.15,fixedprice to bereceived,6.21,put,,natural gas (bbtu),knockout swaps,,call,,weightedaveragedifferential,No,,,,,,,,,,,,,
40,CHK20080229,32008,62560,volume,,9.32,fixedprice to bereceived,6.21,put,,natural gas (bbtu),knockout swaps,,call,,weightedaveragedifferential,No,,,,,,,,,,,,,
41,CHK20080229,42008,55240,volume,,9.91,fixedprice to bereceived,6.20,put,,natural gas (bbtu),knockout swaps,,call,,weightedaveragedifferential,No,,,,,,,,,,,,,
42,CHK20080229,2009,152350,volume,,9.33,fixedprice to bereceived,6.13,put,,natural gas (bbtu),knockout swaps,,call,,weightedaveragedifferential,No,,,,,,,,,,,,,
45,CHK20080229,12008,9600,volume,,,fixedprice to bereceived,,put,,natural gas (bbtu),call options,10.27,call,,weightedaveragedifferential,No,,,,,,,16,,,,,,
46,CHK20080229,22008,31850,volume,,,fixedprice to bereceived,,put,,natural gas (bbtu),call options,10.25,call,,weightedaveragedifferential,No,,,,,,,20,,,,,,
47,CHK20080229,32008,32200,volume,,,fixedprice to bereceived,,put,,natural gas (bbtu),call options,10.25,call,,weightedaveragedifferential,No,,,,,,,21,,,,,,
48,CHK20080229,42008,30980,volume,,,fixedprice to bereceived,,put,,natural gas (bbtu),call options,10.26,call,,weightedaveragedifferential,No,,,,,,,20,,,,,,
49,CHK20080229,2009,119500,volume,,,fixedprice to bereceived,,put,,natural gas (bbtu),call options,11.12,call,,weightedaveragedifferential,No,,,,,,,73,,,,,,
50,CHK20080229,2010,83950,volume,,,fixedprice to bereceived,,put,,natural gas (bbtu),call options,10.00,call,,weightedaveragedifferential,No,,,,,,,56,,,,,,
51,CHK20080229,2011,65700,volume,,,fixedprice to bereceived,,put,,natural gas (bbtu),call options,10.11,call,,weightedaveragedifferential,No,,,,,,,46,,,,,,
52,CHK20080229,2012,7320,volume,,,fixedprice to bereceived,,put,,natural gas (bbtu),call options,11.00,call,,weightedaveragedifferential,No,,,,,,,3,,,,,,
55,CHK20080229,12008,7590,volume,,,fixedprice to bereceived,7.32,put,,natural gas (bbtu),collars,9.17,call,,weightedaveragedifferential,Yes,,,,,,,,,,,,,
56,CHK20080229,22008,2730,volume,,,fixedprice to bereceived,7.50,put,,natural gas (bbtu),collars,9.68,call,,weightedaveragedifferential,Yes,,,,,,,,,,,,,
57,CHK20080229,32008,2760,volume,,,fixedprice to bereceived,7.50,put,,natural gas (bbtu),collars,9.68,call,,weightedaveragedifferential,Yes,,,,,,,,,,,,,
58,CHK20080229,42008,2760,volume,,,fixedprice to bereceived,7.50,put,,natural gas (bbtu),collars,9.68,call,,weightedaveragedifferential,Yes,,,,,,,,,,,,,
61,CHK20080229,12008,10920,volume,,,fixedprice to bereceived,7.40/5.46,put,,natural gas (bbtu),other collars,9.35,call,,weightedaveragedifferential,No,,,,,,,,,,,,,
62,CHK20080229,2009,27375,volume,,,fixedprice to bereceived,7.97/5.83,put,,natural gas (bbtu),other collars,11.18,call,,weightedaveragedifferential,No,,,,,,,Neg8,,,,,,
4,CHK20080229,12008,1152,"volume,",,70.32,fixedprice to bereceived,,put,,oil (mbbls),swaps,,weightedaveragedifferential,,,,,,Yes,,,,,,,,,,
5,CHK20080229,22008,1183,"volume,",,70.25,fixedprice to bereceived,,put,,oil (mbbls),swaps,,weightedaveragedifferential,,,,,,Yes,,,,,,,,,,
6,CHK20080229,32008,1196,"volume,",,69.94,fixedprice to bereceived,,put,,oil (mbbls),swaps,,weightedaveragedifferential,,,,,,Yes,,,,,,,,,,
7,CHK20080229,42008,828,"volume,",,69.47,fixedprice to bereceived,,put,,oil (mbbls),swaps,,weightedaveragedifferential,,,,,,Yes,,,,,,,,,,
8,CHK20080229,2009,548,"volume,",,67.77,fixedprice to bereceived,,put,,oil (mbbls),swaps,,weightedaveragedifferential,,,,,,Yes,,,,,,,,,,
11,CHK20080229,12008,546,"volume,",,74.97,fixedprice to bereceived,53.58,put,,oil (mbbls),knockout swaps,,weightedaveragedifferential,,,,,,No,,,,,,,,,,
12,CHK20080229,22008,546,"volume,",,75.16,fixedprice to bereceived,53.58,put,,oil (mbbls),knockout swaps,,weightedaveragedifferential,,,,,,No,,,,,,,,,,
13,CHK20080229,32008,552,"volume,",,75.29,fixedprice to bereceived,53.58,put,,oil (mbbls),knockout swaps,,weightedaveragedifferential,,,,,,No,,,,,,,,,,
14,CHK20080229,42008,736,"volume,",,76.69,fixedprice to bereceived,55.19,put,,oil (mbbls),knockout swaps,,weightedaveragedifferential,,,,,,No,,,,,,,,,,
15,CHK20080229,2009,7483,"volume,",,82.62,fixedprice to bereceived,58.12,put,,oil (mbbls),knockout swaps,,weightedaveragedifferential,,,,,,No,,,,,,,,,,
16,CHK20080229,2010,3650,"volume,",,86.25,fixedprice to bereceived,60.00,put,,oil (mbbls),knockout swaps,,weightedaveragedifferential,,,,,,No,,,,,,,,,,
19,CHK20080229,12008,273,"volume,",,77.60,fixedprice to bereceived,55.00,put,,oil (mbbls),cap-swaps,,weightedaveragedifferential,,,,,,No,,,,,,,,,,
20,CHK20080229,22008,273,"volume,",,77.60,fixedprice to bereceived,55.00,put,,oil (mbbls),cap-swaps,,weightedaveragedifferential,,,,,,No,,,,,,,,,,
21,CHK20080229,32008,276,"volume,",,77.60,fixedprice to bereceived,55.00,put,,oil (mbbls),cap-swaps,,weightedaveragedifferential,,,,,,No,,,,,,,,,,
22,CHK20080229,42008,276,"volume,",,77.60,fixedprice to bereceived,55.00,put,,oil (mbbls),cap-swaps,,weightedaveragedifferential,,,,,,No,,,,,,,,,,
25,CHK20080229,12008,455,"volume,",,,fixedprice to bereceived,,put,,oil (mbbls),call options,81.00,weightedaveragedifferential,,,,,,No,,,,,1,,,,,
26,CHK20080229,22008,637,"volume,",,,fixedprice to bereceived,,put,,oil (mbbls),call options,83.57,weightedaveragedifferential,,,,,,No,,,,,2,,,,,
27,CHK20080229,32008,644,"volume,",,,fixedprice to bereceived,,put,,oil (mbbls),call options,83.57,weightedaveragedifferential,,,,,,No,,,,,2,,,,,
28,CHK20080229,42008,828,"volume,",,,fixedprice to bereceived,,put,,oil (mbbls),call options,81.67,weightedaveragedifferential,,,,,,No,,,,,3,,,,,
29,CHK20080229,2009,2190,"volume,",,,fixedprice to bereceived,,put,,oil (mbbls),call options,75.00,weightedaveragedifferential,,,,,,No,,,,,12,,,,,
30,CHK20080229,2010,1825,"volume,",,,fixedprice to bereceived,,put,,oil (mbbls),call options,75.00,weightedaveragedifferential,,,,,,No,,,,,9,,,,,
3,CHK20080229,12008,9555,volume,,$4.68,fixedprice to bereceived,,put,,natural gas (bbtu),swaps,,call,,,Yes,,,,,,,,,,,,,
4,CHK20080229,22008,9555,volume,,4.68,fixedprice to bereceived,,put,,natural gas (bbtu),swaps,,call,,,Yes,,,,,,,,,,,,,
5,CHK20080229,32008,9660,volume,,4.68,fixedprice to bereceived,,put,,natural gas (bbtu),swaps,,call,,,Yes,,,,,,,,,,,,,
6,CHK20080229,42008,9660,volume,,4.66,fixedprice to bereceived,,put,,natural gas (bbtu),swaps,,call,,,Yes,,,,,,,,,,,,,
7,CHK20080229,2009,18250,volume,,5.18,fixedprice to bereceived,,put,,natural gas (bbtu),swaps,,call,,,Yes,,,,,,,,,,,,,
10,CHK20080229,2009,3650,volume,,,fixedprice to bereceived,4.50,put,,natural gas (bbtu),collars,6.00,call,,,Yes,,,,,,,,,,,,,
3,CHK20090302,12009,81760,volume,,$8.17,fixedprice to bereceived,,put,,natural gas (bbtu),swaps,,call,,weightedaveragedifferential,Yes,,,,,,,,,,,,,
4,CHK20090302,22009,57518,volume,,8.39,fixedprice to bereceived,,put,,natural gas (bbtu),swaps,,call,,weightedaveragedifferential,Yes,,,,,,,,,,,,,
5,CHK20090302,32009,59114,volume,,8.47,fixedprice to bereceived,,put,,natural gas (bbtu),swaps,,call,,weightedaveragedifferential,Yes,,,,,,,,,,,,,
6,CHK20090302,42009,72584,volume,,8.42,fixedprice to bereceived,,put,,natural gas (bbtu),swaps,,call,,weightedaveragedifferential,Yes,,,,,,,,,,,,,
7,CHK20090302,2010,98249,volume,,9.74,fixedprice to bereceived,,put,,natural gas (bbtu),swaps,,call,,weightedaveragedifferential,Yes,,,,,,,,,,,,,
8,CHK20090302,2011,23725,volume,,8.51,fixedprice to bereceived,,put,,natural gas (bbtu),swaps,,call,,weightedaveragedifferential,Yes,,,,,,,,,,,,,
10,CHK20090302,12009,14580,volume,,,fixedprice to bereceived,7.63,put,,natural gas (bbtu),collars,8.98,call,,weightedaveragedifferential,Yes,,,,,,,,,,,,,
11,CHK20090302,22009,17290,volume,,,fixedprice to bereceived,7.50,put,,natural gas (bbtu),collars,8.36,call,,weightedaveragedifferential,Yes,,,,,,,,,,,,,
12,CHK20090302,32009,20520,volume,,,fixedprice to bereceived,7.50,put,,natural gas (bbtu),collars,8.35,call,,weightedaveragedifferential,Yes,,,,,,,,,,,,,
13,CHK20090302,42009,16290,volume,,,fixedprice to bereceived,7.50,put,,natural gas (bbtu),collars,8.35,call,,weightedaveragedifferential,Yes,,,,,,,,,,,,,
15,CHK20090302,12009,9150,volume,,10.09,fixedprice to bereceived,6.03,put,,natural gas (bbtu),knockout swaps,,call,,weightedaveragedifferential,No,,,,,,,,,5,,,,
16,CHK20090302,22009,2730,volume,,8.52,fixedprice to bereceived,6.00,put,,natural gas (bbtu),knockout swaps,,call,,weightedaveragedifferential,No,,,,,,,,,6,,,,
17,CHK20090302,32009,2760,volume,,8.64,fixedprice to bereceived,6.00,put,,natural gas (bbtu),knockout swaps,,call,,weightedaveragedifferential,No,,,,,,,,,6,,,,
18,CHK20090302,42009,39970,volume,,9.79,fixedprice to bereceived,6.30,put,,natural gas (bbtu),knockout swaps,,call,,weightedaveragedifferential,No,,,,,,,,,6,,,,
19,CHK20090302,2010,321150,volume,,9.78,fixedprice to bereceived,6.23,put,,natural gas (bbtu),knockout swaps,,call,,weightedaveragedifferential,No,,,,,,,,,1,,,,
20,CHK20090302,2011,138600,volume,,9.74,fixedprice to bereceived,6.31,put,,natural gas (bbtu),knockout swaps,,call,,weightedaveragedifferential,No,,,,,,,,,,,,,
21,CHK20090302,2012,18300,volume,,9.60,fixedprice to bereceived,6.50,put,,natural gas (bbtu),knockout swaps,,call,,weightedaveragedifferential,No,,,,,,,,,,,,,
23,CHK20090302,12009,26873,volume,,,fixedprice to bereceived,,put,,natural gas (bbtu),basis protection swaps (mid-continent),,call,Neg0.47,weightedaveragedifferential,No,,,,,,,,,,,,,
24,CHK20090302,22009,16457,volume,,,fixedprice to bereceived,,put,,natural gas (bbtu),basis protection swaps (mid-continent),,call,Neg0.27,weightedaveragedifferential,No,,,,,,,,,,,,,
25,CHK20090302,32009,16821,volume,,,fixedprice to bereceived,,put,,natural gas (bbtu),basis protection swaps (mid-continent),,call,Neg0.27,weightedaveragedifferential,No,,,,,,,,,,,,,
26,CHK20090302,42009,16953,volume,,,fixedprice to bereceived,,put,,natural gas (bbtu),basis protection swaps (mid-continent),,call,Neg0.27,weightedaveragedifferential,No,,,,,,,,,,,,,
27,CHK20090302,2011,45090,volume,,,fixedprice to bereceived,,put,,natural gas (bbtu),basis protection swaps (mid-continent),,call,Neg0.64,weightedaveragedifferential,No,,,,,,,,,Neg3,,,,
28,CHK20090302,20122018,57961,volume,,,fixedprice to bereceived,,put,,natural gas (bbtu),basis protection swaps (mid-continent),,call,Neg0.62,weightedaveragedifferential,No,,,,,,,,,Neg3,,,,
30,CHK20090302,2009,16913,volume,,,fixedprice to bereceived,,put,,natural gas (bbtu),basis protection swaps (appalachian basin),,call,0.28,weightedaveragedifferential,No,,,,,,,,,,,,,
31,CHK20090302,2010,10199,volume,,,fixedprice to bereceived,,put,,natural gas (bbtu),basis protection swaps (appalachian basin),,call,0.26,weightedaveragedifferential,No,,,,,,,,,,,,,
32,CHK20090302,2011,12086,volume,,,fixedprice to bereceived,,put,,natural gas (bbtu),basis protection swaps (appalachian basin),,call,0.25,weightedaveragedifferential,No,,,,,,,,,,,,,
33,CHK20090302,20122022,134,volume,,,fixedprice to bereceived,,put,,natural gas (bbtu),basis protection swaps (appalachian basin),,call,0.11,weightedaveragedifferential,No,,,,,,,,,,,,,
35,CHK20090302,12009,4500,volume,,10.14,fixedprice to bereceived,,put,,natural gas (bbtu),other swaps (a),,call,,weightedaveragedifferential,No,,,,,,,,,,,,,
36,CHK20090302,22009,4550,volume,,9.86,fixedprice to bereceived,,put,,natural gas (bbtu),other swaps (a),,call,,weightedaveragedifferential,No,,,,,,,,,,,,,
37,CHK20090302,32009,4600,volume,,9.94,fixedprice to bereceived,,put,,natural gas (bbtu),other swaps (a),,call,,weightedaveragedifferential,No,,,,,,,,,,,,,
38,CHK20090302,42009,4600,volume,,10.24,fixedprice to bereceived,,put,,natural gas (bbtu),other swaps (a),,call,,weightedaveragedifferential,No,,,,,,,,,,,,,
39,CHK20090302,2010,32850,volume,,9.89,fixedprice to bereceived,,put,,natural gas (bbtu),other swaps (a),,call,,weightedaveragedifferential,No,,,,,,,,,,,,,
40,CHK20090302,2011,4500,volume,,8.73,fixedprice to bereceived,,put,,natural gas (bbtu),other swaps (a),,call,,weightedaveragedifferential,No,,,,,,,,,,,,,
2,CHK20090302,12009,20355,volume,,,fixedprice to bereceived,,put,,,call options,$9.95,call,,,No,,,,,,,,,$30,,,,
3,CHK20090302,22009,27765,volume,,,fixedprice to bereceived,,put,,,call options,9.59,call,,,No,,,,,,,,,28,,,,
4,CHK20090302,32009,27160,volume,,,fixedprice to bereceived,,put,,,call options,9.54,call,,,No,,,,,,,,,29,,,,
5,CHK20090302,42009,28980,volume,,,fixedprice to bereceived,,put,,,call options,9.69,call,,,No,,,,,,,,,28,,,,
6,CHK20090302,2010,231775,volume,,,fixedprice to bereceived,,put,,,call options,10.77,call,,,No,,,,,,,,,223,,,,
7,CHK20090302,2011,138700,volume,,,fixedprice to bereceived,,put,,,call options,10.59,call,,,No,,,,,,,,,153,,,,
8,CHK20090302,20122017,76820,volume,,,fixedprice to bereceived,,put,,,call options,11.29,call,,,No,,,,,,,,,57,,,,
10,CHK20090302,2009,36500,volume,,,fixedprice to bereceived,5.75,put,,,put options,,call,,,No,,,,,,,,,3,,,,
11,CHK20090302,2010,36500,volume,,,fixedprice to bereceived,5.75,put,,,put options,,call,,,No,,,,,,,,,3,,,,
13,CHK20090302,12009,35550,volume,,,fixedprice to bereceived,5.24/7.95,put,,,other collars,9.90,call,,,No,,,,,,,,,,,,,
14,CHK20090302,22009,81135,volume,,,fixedprice to bereceived,5.24/6.99,put,,,other collars,9.18,call,,,No,,,,,,,,,,,,,
15,CHK20090302,32009,85060,volume,,,fixedprice to bereceived,5.24/6.98,put,,,other collars,9.16,call,,,No,,,,,,,,,Neg1,,,,
16,CHK20090302,42009,44860,volume,,,fixedprice to bereceived,5.39/7.28,put,,,other collars,9.49,call,,,No,,,,,,,,,Neg1,,,,
17,CHK20090302,2010,25550,volume,,,fixedprice to bereceived,6.00/7.71,put,,,other collars,11.46,call,,,No,,,,,,,,,21,,,,
18,CHK20090302,2011,25550,volume,,,fixedprice to bereceived,6.00/7.57,put,,,other collars,10.69,call,,,No,,,,,,,,,21,,,,
19,CHK20090302,20122020,87680,volume,,,fixedprice to bereceived,5.00/7.08,put,,,other collars,10.20,call,,,No,,,,,,,,,58,,,,
21,CHK20090302,12009,4500,volume,,5.18,fixedprice to bereceived,,put,,,cnr swaps (b),,call,,,Yes,,,,,,,,,,,,,
22,CHK20090302,22009,4550,volume,,5.18,fixedprice to bereceived,,put,,,cnr swaps (b),,call,,,Yes,,,,,,,,,,,,,
23,CHK20090302,32009,4600,volume,,5.18,fixedprice to bereceived,,put,,,cnr swaps (b),,call,,,Yes,,,,,,,,,,,,,
24,CHK20090302,42009,4600,volume,,5.18,fixedprice to bereceived,,put,,,cnr swaps (b),,call,,,Yes,,,,,,,,,,,,,
26,CHK20090302,2009,3650,volume,,,fixedprice to bereceived,4.50,put,,,cnr collars (b),6.00,call,,,Yes,,,,,,,,,,,,,
32,CHK20090302,12009,855,volume,,80.35,fixedprice to bereceived,55.95,put,,oil (mbbls),knockout swaps,,call,,,No,,,,,,,,,,,,,
33,CHK20090302,22009,865,volume,,80.43,fixedprice to bereceived,55.95,put,,oil (mbbls),knockout swaps,,call,,,No,,,,,,,,,,,,,
34,CHK20090302,32009,1978,volume,,83.10,fixedprice to bereceived,58.21,put,,oil (mbbls),knockout swaps,,call,,,No,,,,,,,,,,,,,
35,CHK20090302,42009,1978,volume,,83.05,fixedprice to bereceived,58.21,put,,oil (mbbls),knockout swaps,,call,,,No,,,,,,,,,,,,,
36,CHK20090302,2010,4745,volume,,90.25,fixedprice to bereceived,60.00,put,,oil (mbbls),knockout swaps,,call,,,No,,,,,,,,,,,,,
37,CHK20090302,2011,1095,volume,,104.75,fixedprice to bereceived,60.00,put,,oil (mbbls),knockout swaps,,call,,,No,,,,,,,,,,,,,
38,CHK20090302,2012,732,volume,,109.50,fixedprice to bereceived,60.00,put,,oil (mbbls),knockout swaps,,call,,,No,,,,,,,,,,,,,
40,CHK20090302,12009,180,volume,,67.50,fixedprice to bereceived,50.00,put,,oil (mbbls),cap swaps,,call,,,No,,,,,,,,,,,,,
41,CHK20090302,22009,182,volume,,67.50,fixedprice to bereceived,50.00,put,,oil (mbbls),cap swaps,,call,,,No,,,,,,,,,,,,,
43,CHK20090302,12009,900,volume,,86.25,fixedprice to bereceived,,put,,oil (mbbls),other swaps,,call,,,No,,,,,,,,,,,,,
44,CHK20090302,22009,910,volume,,86.25,fixedprice to bereceived,,put,,oil (mbbls),other swaps,,call,,,No,,,,,,,,,,,,,
46,CHK20090302,12009,Neg841,volume,,67.79,fixedprice to bereceived,,put,,oil (mbbls),counter swaps,,call,,,No,,,,,,,,,,,,,
47,CHK20090302,22009,Neg819,volume,,67.00,fixedprice to bereceived,,put,,oil (mbbls),counter swaps,,call,,,No,,,,,,,,,,,,,
48,CHK20090302,32009,Neg230,volume,,69.10,fixedprice to bereceived,,put,,oil (mbbls),counter swaps,,call,,,No,,,,,,,,,,,,,
49,CHK20090302,42009,Neg230,volume,,69.10,fixedprice to bereceived,,put,,oil (mbbls),counter swaps,,call,,,No,,,,,,,,,,,,,
51,CHK20090302,2009,5110,volume,,,fixedprice to bereceived,,put,,oil (mbbls),call options,101.79,call,,,No,,,,,,,,,3,,,,
52,CHK20090302,2010,6935,volume,,,fixedprice to bereceived,,put,,oil (mbbls),call options,107.86,call,,,No,,,,,,,,,Neg10,,,,
53,CHK20090302,2011,3650,volume,,,fixedprice to bereceived,,put,,oil (mbbls),call options,185.00,call,,,No,,,,,,,,,36,,,,
54,CHK20090302,2012,3660,volume,,,fixedprice to bereceived,,put,,oil (mbbls),call options,185.00,call,,,No,,,,,,,,,37,,,,
56,CHK20090302,2010,730,volume,,,fixedprice to bereceived,90.00/80.00,put,,oil (mbbls),other collars,136.40,call,,,No,,,,,,,,,,,,,
4,CHK20100301,,492053,"december 31, 2009,volumehedged,",,,,,,,,swap,,,,,,,,,,,,,,,Fixed-price swaps,466800,"december 31, 2008,volumehedged,, natural gas (bbtu)",
5,CHK20100301,,74240,"december 31, 2009,volumehedged,",,,,,,,,collar,,,,,,,,,,,,,,,Fixed-price collars,457715,"december 31, 2008,volumehedged,, natural gas (bbtu)",
6,CHK20100301,,38370,"december 31, 2009,volumehedged,",,,,,,,,swap,,,,,,,,,,,,,,,Fixed-price knockout swaps,532660,"december 31, 2008,volumehedged,, natural gas (bbtu)",
7,CHK20100301,,996750,"december 31, 2009,volumehedged,",,,,,,,,call,,,,,,,,,,,,,,,Call options,551555,"december 31, 2008,volumehedged,, natural gas (bbtu)",
8,CHK20100301,,Neg69620,"december 31, 2009,volumehedged,",,,,,,,,put option,,,,,,,,,,,,,,,Put options,Neg73000,"december 31, 2008,volumehedged,, natural gas (bbtu)",
9,CHK20100301,,125469,"december 31, 2009,volumehedged,",,,,,,,,swap,,,,,,,,,,,,,,,Basis protection swaps,219487,"december 31, 2008,volumehedged,, natural gas (bbtu)",
15,CHK20100301,,5475,"december 31, 2009,volumehedged,",,,,,,,,collar,,,,,,,,,,,,,,,Fixed-price collars,730,"december 31, 2008,volumehedged,, oil (mbbl)",
16,CHK20100301,,6572,"december 31, 2009,volumehedged,",,,,,,,,swap,,,,,,,,,,,,,,,Fixed-price knockout swaps,12248,"december 31, 2008,volumehedged,, oil (mbbl)",
17,CHK20100301,,,"december 31, 2009,volumehedged,",,,,,,,,cap-swaps,,,,,,,,,,,,,,,Fixed-price cap-swaps,362,"december 31, 2008,volumehedged,, oil (mbbl)",
18,CHK20100301,,14975,"december 31, 2009,volumehedged,",,,,,,,,call,,,,,,,,,,,,,,,Call options,19355,"december 31, 2008,volumehedged,, oil (mbbl)",
4,CHK20110301,,1035134,"december 31, 2010,volume,",,,,,,,,swap,,,,,,,,,,,,,,,Fixed-price swaps,492053,"december 31, 2009,volume,, natural gas (bbtu)",
5,CHK20110301,,1477742,"december 31, 2010,volume,",,,,,,,,call,,,,,,,,,,,,,,,Call options,996750,"december 31, 2009,volume,, natural gas (bbtu)",
6,CHK20110301,,Neg51220,"december 31, 2010,volume,",,,,,,,,put option,,,,,,,,,,,,,,,Put options,Neg69620,"december 31, 2009,volume,, natural gas (bbtu)",
7,CHK20110301,,,"december 31, 2010,volume,",,,,,,,,swap,,,,,,,,,,,,,,,Fixed-price knockout swaps,38370,"december 31, 2009,volume,, natural gas (bbtu)",
8,CHK20110301,,,"december 31, 2010,volume,",,,,,,,,collar,,,,,,,,,,,,,,,Fixed-price collars,74240,"december 31, 2009,volume,, natural gas (bbtu)",
9,CHK20110301,,173691,"december 31, 2010,volume,",,,,,,,,swap,,,,,,,,,,,,,,,Basis protection swaps,125469,"december 31, 2009,volume,, natural gas (bbtu)",
14,CHK20110301,,4385,"december 31, 2010,volume,",,,,,,,,swap,,,,,,,,,,,,,,,Fixed-price swaps,5475,"december 31, 2009,volume,, oil (mbbl)",
15,CHK20110301,,64226,"december 31, 2010,volume,",,,,,,,,call,,,,,,,,,,,,,,,Call options,14975,"december 31, 2009,volume,, oil (mbbl)",
16,CHK20110301,,1827,"december 31, 2010,volume,",,,,,,,,swap,,,,,,,,,,,,,,,Fixed-price knockout swaps,6572,"december 31, 2009,volume,, oil (mbbl)",
4,CHK20120229,,,"december 31, 2011,volume,",,,,,,,,swap,,,,,,,,,,,,,,,Fixed-price swaps,1035,"december 31, 2010,volume,, natural gas (tbtu)",
5,CHK20120229,,1357,"december 31, 2011,volume,",,,,,,,,call,,,,,,,,,,,,,,,Call options,1478,"december 31, 2010,volume,, natural gas (tbtu)",
6,CHK20120229,,,"december 31, 2011,volume,",,,,,,,,put option,,,,,,,,,,,,,,,Put options,Neg51,"december 31, 2010,volume,, natural gas (tbtu)",
7,CHK20120229,,106,"december 31, 2011,volume,",,,,,,,,swap,,,,,,,,,,,,,,,Basis protection swaps,173,"december 31, 2010,volume,, natural gas (tbtu)",
13,CHK20120229,,14.9,"december 31, 2011,volume,",,,,,,,,swap,,,,,,,,,,,,,,,Fixed-price swaps,4.4,"december 31, 2010,volume,, oil (mmbbl)",
14,CHK20120229,,94.7,"december 31, 2011,volume,",,,,,,,,call,,,,,,,,,,,,,,,Call options,64.2,"december 31, 2010,volume,, oil (mmbbl)",
15,CHK20120229,,7.8,"december 31, 2011,volume,",,,,,,,,swaption,,,,,,,,,,,,,,,Swaptions,,"december 31, 2010,volume,, oil (mmbbl)",
16,CHK20120229,,0.8,"december 31, 2011,volume,",,,,,,,,swap,,,,,,,,,,,,,,,Fixed-price knockout swaps,1.8,"december 31, 2010,volume,, oil (mmbbl)",
5,CHK20130301,,49,",december 31, 2012,volume,",,,,,,,,swap,,,,,,,,,,,,,,,,,",december 31, 2011,volume,, natural gas (tbtu)",Fixed-price swaps
6,CHK20130301,,193,",december 31, 2012,volume,",,,,,,,,call,,,,,,,,,,,,,,,,1357,",december 31, 2011,volume,, natural gas (tbtu)",Call options
7,CHK20130301,,111,",december 31, 2012,volume,",,,,,,,,swap,,,,,,,,,,,,,,,,106,",december 31, 2011,volume,, natural gas (tbtu)",Basis protection swaps
10,CHK20130301,,28.1,",december 31, 2012,volume,",,,,,,,,swap,,,,,,,,,,,,,,,,14.9,",december 31, 2011,volume,, oil (mmbbl)",Fixed-price swaps
11,CHK20130301,,73.8,",december 31, 2012,volume,",,,,,,,,call,,,,,,,,,,,,,,,,94.7,",december 31, 2011,volume,, oil (mmbbl)",Call options
12,CHK20130301,,5.3,",december 31, 2012,volume,",,,,,,,,swaption call,,,,,,,,,,,,,,,,7.8,",december 31, 2011,volume,, oil (mmbbl)",Call swaptions
13,CHK20130301,,5.5,",december 31, 2012,volume,",,,,,,,,swap,,,,,,,,,,,,,,,,,",december 31, 2011,volume,, oil (mmbbl)",Basis protection swaps
14,CHK20130301,,,",december 31, 2012,volume,",,,,,,,,swap,,,,,,,,,,,,,,,,0.8,",december 31, 2011,volume,, oil (mmbbl)",Fixed-price knockout swaps
5,CHK20140227,,448,",december 31, 2013,volume,",,,,,,,,swap,,,,,,,,,,,,,,,,49,",december 31, 2012,volume,, natural gas (tbtu)",Fixed-price swaps
6,CHK20140227,,288,",december 31, 2013,volume,",,,,,,,,three-way collar,,,,,,,,,,,,,,,,,",december 31, 2012,volume,, natural gas (tbtu)",Three-way collars
7,CHK20140227,,193,",december 31, 2013,volume,",,,,,,,,call,,,,,,,,,,,,,,,,193,",december 31, 2012,volume,, natural gas (tbtu)",Call options
8,CHK20140227,,12,",december 31, 2013,volume,",,,,,,,,swaption call,,,,,,,,,,,,,,,,,",december 31, 2012,volume,, natural gas (tbtu)",Call swaptions
9,CHK20140227,,68,",december 31, 2013,volume,",,,,,,,,swap,,,,,,,,,,,,,,,,111,",december 31, 2012,volume,, natural gas (tbtu)",Basis protection swaps
12,CHK20140227,,25.3,",december 31, 2013,volume,",,,,,,,,swap,,,,,,,,,,,,,,,,28.1,",december 31, 2012,volume,, oil (mmbbl)",Fixed-price swaps
13,CHK20140227,,42.5,",december 31, 2013,volume,",,,,,,,,call,,,,,,,,,,,,,,,,73.8,",december 31, 2012,volume,, oil (mmbbl)",Call options
14,CHK20140227,,,",december 31, 2013,volume,",,,,,,,,swaption call,,,,,,,,,,,,,,,,5.3,",december 31, 2012,volume,, oil (mmbbl)",Call swaptions
15,CHK20140227,,0.4,",december 31, 2013,volume,",,,,,,,,swap,,,,,,,,,,,,,,,,5.5,",december 31, 2012,volume,, oil (mmbbl)",Basis protection swaps
5,CHK20150227,,12.5,",december 31, 2014,volume,",,,,,,,,swap,,,,,,,,,,,,,,,,25.3,",december 31, 2013,volume,, oil (mmbbl)",Fixed-price swaps
6,CHK20150227,,4.4,",december 31, 2014,volume,",,,,,,,,three-way collar,,,,,,,,,,,,,,,,,",december 31, 2013,volume,, oil (mmbbl)",Three-way collars
7,CHK20150227,,35.8,",december 31, 2014,volume,",,,,,,,,call,,,,,,,,,,,,,,,,42.5,",december 31, 2013,volume,, oil (mmbbl)",Call options
8,CHK20150227,,,",december 31, 2014,volume,",,,,,,,,swap,,,,,,,,,,,,,,,,0.4,",december 31, 2013,volume,, oil (mmbbl)",Basis protection swaps
11,CHK20150227,,275,",december 31, 2014,volume,",,,,,,,,swap,,,,,,,,,,,,,,,,448,",december 31, 2013,volume,, natural gas (tbtu)",Fixed-price swaps
12,CHK20150227,,207,",december 31, 2014,volume,",,,,,,,,three-way collar,,,,,,,,,,,,,,,,288,",december 31, 2013,volume,, natural gas (tbtu)",Three-way collars
13,CHK20150227,,193,",december 31, 2014,volume,",,,,,,,,call,,,,,,,,,,,,,,,,193,",december 31, 2013,volume,, natural gas (tbtu)",Call options
14,CHK20150227,,,",december 31, 2014,volume,",,,,,,,,swaption call,,,,,,,,,,,,,,,,12,",december 31, 2013,volume,, natural gas (tbtu)",Call swaptions
15,CHK20150227,,60,",december 31, 2014,volume,",,,,,,,,swap,,,,,,,,,,,,,,,,68,",december 31, 2013,volume,, natural gas (tbtu)",Basis protection swaps
6,CHK20160225,,13.5,",december 31, 2015,volume,",,,,,,,,three-way collar,,,,,,,,,,,,,,,,4.4,",december 31, 2014,volume,, oil (mmbbl)",Three-way collars
7,CHK20160225,,19.2,",december 31, 2015,volume,",,,,,,,,call,,,,,,,,,,,,,,,,35.8,",december 31, 2014,volume,, oil (mmbbl)",Call options
13,CHK20160225,,,",december 31, 2015,volume,",,,,,,,,basis protection swaps three-way collar,,,,,,,,,,,,,,,,207,",december 31, 2014,volume,, natural gas (tbtu)",Three-way collars
14,CHK20160225,,295,",december 31, 2015,volume,",,,,,,,,basis protection swaps call,,,,,,,,,,,,,,,,193,",december 31, 2014,volume,, natural gas (tbtu)",Call options
15,CHK20160225,,57,",december 31, 2015,volume,",,,,,,,,basis protection swaps,,,,,,,,,,,,,,,,60,",december 31, 2014,volume,, natural gas (tbtu)",Basis protection swaps
