,doc_id,maturity,vol_1,vol_1_type,price_1,price_1_type,price_2,price_2_type,price_3,price_3_type,product_type,instrument_type,old_maturity,red_flag,additional
2,CHK20030227,2003,57150000,volume,4.31,average strike price,,weighted average put,,weighted average differential,natural gas (mmbtu),swaps,2003,,
4,CHK20030227,2003,51100000,volume,3.60,average strike price,2.60,weighted average put,,weighted average differential,natural gas (mmbtu),cap-swaps,2003,,
6,CHK20030227,2003,91250000,volume,,average strike price,,weighted average put,neg0.15,weighted average differential,natural gas (mmbtu),basis protection swaps,2003,,
7,CHK20030227,2004,91500000,volume,,average strike price,,weighted average put,neg0.15,weighted average differential,natural gas (mmbtu),basis protection swaps,2004,,
8,CHK20030227,2005,98550000,volume,,average strike price,,weighted average put,neg0.16,weighted average differential,natural gas (mmbtu),basis protection swaps,2005,,
9,CHK20030227,2006,36500000,volume,,average strike price,,weighted average put,neg0.16,weighted average differential,natural gas (mmbtu),basis protection swaps,2006,,
10,CHK20030227,2007,45625000,volume,,average strike price,,weighted average put,neg0.16,weighted average differential,natural gas (mmbtu),basis protection swaps,2007,,
11,CHK20030227,2008,45750000,volume,,average strike price,,weighted average put,neg0.16,weighted average differential,natural gas (mmbtu),basis protection swaps,2008,,
12,CHK20030227,2009,36500000,volume,,average strike price,,weighted average put,neg0.16,weighted average differential,natural gas (mmbtu),basis protection swaps,2009,,
14,CHK20030227,2003,45700000,volume,3.74,average strike price,,weighted average put,,weighted average differential,natural gas (mmbtu),counter-swaps,2003,,
22,CHK20030227,2003,360000,volume,25.10,average strike price,,weighted average put,,weighted average differential,oil (bbls),swaps,2003,,
24,CHK20030227,2003,3015000,volume,28.10,average strike price,,weighted average put,,weighted average differential,oil (bbls),cap-swaps,2003,,
22,CHK20040315,2004,60760000,volume,6.30,weighted average call,,,,,natural gas (mmbtu),call options,2004,,
9,CHK20040315,2004,157380000,volume,neg0.17,weighted average differential,,,,,natural gas (mmbtu),basis protectionswaps,2004,,
10,CHK20040315,2005,109500000,volume,neg0.16,weighted average differential,,,,,natural gas (mmbtu),basis protectionswaps,2005,,
11,CHK20040315,2006,47450000,volume,neg0.16,weighted average differential,,,,,natural gas (mmbtu),basis protectionswaps,2006,,
12,CHK20040315,2007,63875000,volume,neg0.17,weighted average differential,,,,,natural gas (mmbtu),basis protectionswaps,2007,,
13,CHK20040315,2008,64050000,volume,neg0.17,weighted average differential,,,,,natural gas (mmbtu),basis protectionswaps,2008,,
14,CHK20040315,2009,36500000,volume,neg0.16,weighted average differential,,,,,natural gas (mmbtu),basis protectionswaps,2009,,
3,CHK20050309,2005,95355000,volume,$6.72,fixedprice to bereceived (paid),,weighted average put,,weighted average call,natural gas (mmbtu),swaps,2005,,
4,CHK20050309,2006,18250000,volume,6.60,fixedprice to bereceived (paid),,weighted average put,,weighted average call,natural gas (mmbtu),swaps,2006,,
14,CHK20050309,2005,60225000,volume,6.00,fixedprice to bereceived (paid),4.32,weighted average put,,weighted average call,natural gas (mmbtu),cap-swaps,2005,,
15,CHK20050309,2006,28350000,volume,6.52,fixedprice to bereceived (paid),4.93,weighted average put,,weighted average call,natural gas (mmbtu),cap-swaps,2006,,
18,CHK20050309,2006,neg7300000,volume,neg5.59,fixedprice to bereceived (paid),,weighted average put,,weighted average call,natural gas (mmbtu),counter swaps,2006,,
24,CHK20050309,2005,4380000,volume,,fixedprice to bereceived (paid),3.10,weighted average put,4.44,weighted average call,natural gas (mmbtu),collars,2005,,
36,CHK20050309,2005,1995500,volume,$40.20,fixedprice to bereceived (paid),$31.44,weighted average put,,weighted average call,oil (bbls),cap-swaps,2005,,
7,CHK20050309,2005,188590000,volume,neg0.26,weighted average differential,,,,,natural gas (mmbtu),basis protection swaps,2005,,
8,CHK20050309,2006,130140000,volume,neg0.32,weighted average differential,,,,,natural gas (mmbtu),basis protection swaps,2006,,
9,CHK20050309,2007,126495000,volume,neg0.28,weighted average differential,,,,,natural gas (mmbtu),basis protection swaps,2007,,
10,CHK20050309,2008,118610000,volume,neg0.27,weighted average differential,,,,,natural gas (mmbtu),basis protection swaps,2008,,
11,CHK20050309,2009,86600000,volume,neg0.29,weighted average differential,,,,,natural gas (mmbtu),basis protection swaps,2009,,
5,CHK20100301,2010,63478,bbtu,$7.59,"weighted average price,fixed,",,"weighted average price,put,(per mmbtu)",,,natural gas,swaps,q1|2010,,
6,CHK20100301,2010,64781,bbtu,7.27,"weighted average price,fixed,",,"weighted average price,put,(per mmbtu)",,,natural gas,swaps,q2|2010,,
7,CHK20100301,2010,51972,bbtu,7.32,"weighted average price,fixed,",,"weighted average price,put,(per mmbtu)",,,natural gas,swaps,q3|2010,,
8,CHK20100301,2010,53212,bbtu,7.40,"weighted average price,fixed,",,"weighted average price,put,(per mmbtu)",,,natural gas,swaps,q4|2010,,
9,CHK20100301,2011,22210,bbtu,7.99,"weighted average price,fixed,",,"weighted average price,put,(per mmbtu)",,,natural gas,swaps,2011,,
12,CHK20100301,2010,33890,bbtu,7.22,"weighted average price,fixed,",,"weighted average price,put,(per mmbtu)",,,natural gas,other swaps(a),q1|2010,,
13,CHK20100301,2010,43680,bbtu,7.61,"weighted average price,fixed,",,"weighted average price,put,(per mmbtu)",,,natural gas,other swaps(a),q2|2010,,
14,CHK20100301,2010,44160,bbtu,7.69,"weighted average price,fixed,",,"weighted average price,put,(per mmbtu)",,,natural gas,other swaps(a),q3|2010,,
15,CHK20100301,2010,44160,bbtu,8.04,"weighted average price,fixed,",,"weighted average price,put,(per mmbtu)",,,natural gas,other swaps(a),q4|2010,,
16,CHK20100301,2011,70510,bbtu,9.52,"weighted average price,fixed,",,"weighted average price,put,(per mmbtu)",,,natural gas,other swaps(a),2011,,
30,CHK20100301,2010,7360,bbtu,9.79,"weighted average price,fixed,",6.32,"weighted average price,put,(per mmbtu)",,,natural gas,knockout swaps,q3|2010,,
31,CHK20100301,2010,7360,bbtu,9.79,"weighted average price,fixed,",6.31,"weighted average price,put,(per mmbtu)",,,natural gas,knockout swaps,q4|2010,,
32,CHK20100301,2011,23650,bbtu,9.86,"weighted average price,fixed,",6.29,"weighted average price,put,(per mmbtu)",,,natural gas,knockout swaps,2011,,
19,CHK20100301,2010,29700,bbtu,6.24,"weighted average price,put,(per mmbtu)",8.06,"weighted average price,call,(per mmbtu)",,"netpremiums,netpremiums,($ in millions)",natural gas,collars,q1|2010,,
20,CHK20100301,2010,7280,bbtu,7.00,"weighted average price,put,(per mmbtu)",8.25,"weighted average price,call,(per mmbtu)",,"netpremiums,netpremiums,($ in millions)",natural gas,collars,q2|2010,,
23,CHK20100301,2010,13500,bbtu,4.29/7.05,"weighted average price,put,(per mmbtu)",9.49,"weighted average price,call,(per mmbtu)",,"netpremiums,netpremiums,($ in millions)",natural gas,other collars(b),q1|2010,,
24,CHK20100301,2010,9100,bbtu,4.35/7.07,"weighted average price,put,(per mmbtu)",9.91,"weighted average price,call,(per mmbtu)",5,"netpremiums,netpremiums,($ in millions)",natural gas,other collars(b),q2|2010,,
25,CHK20100301,2010,3680,bbtu,7.60,"weighted average price,put,(per mmbtu)",11.75,"weighted average price,call,(per mmbtu)",4,"netpremiums,netpremiums,($ in millions)",natural gas,other collars(b),q3|2010,,
26,CHK20100301,2010,3680,bbtu,7.60,"weighted average price,put,(per mmbtu)",11.75,"weighted average price,call,(per mmbtu)",4,"netpremiums,netpremiums,($ in millions)",natural gas,other collars(b),q4|2010,,
27,CHK20100301,2011,7300,bbtu,7.60,"weighted average price,put,(per mmbtu)",11.50,"weighted average price,call,(per mmbtu)",7,"netpremiums,netpremiums,($ in millions)",natural gas,other collars(b),2011,,
35,CHK20100301,2010,18585,bbtu,,"weighted average price,put,(per mmbtu)",10.19,"weighted average price,call,(per mmbtu)",41,"netpremiums,netpremiums,($ in millions)",natural gas,call options,q1|2010,,
36,CHK20100301,2010,28665,bbtu,,"weighted average price,put,(per mmbtu)",10.19,"weighted average price,call,(per mmbtu)",41,"netpremiums,netpremiums,($ in millions)",natural gas,call options,q2|2010,,
37,CHK20100301,2010,34040,bbtu,,"weighted average price,put,(per mmbtu)",10.22,"weighted average price,call,(per mmbtu)",43,"netpremiums,netpremiums,($ in millions)",natural gas,call options,q3|2010,,
38,CHK20100301,2010,34040,bbtu,,"weighted average price,put,(per mmbtu)",10.30,"weighted average price,call,(per mmbtu)",43,"netpremiums,netpremiums,($ in millions)",natural gas,call options,q4|2010,,
39,CHK20100301,2011,20987,bbtu,,"weighted average price,put,(per mmbtu)",10.73,"weighted average price,call,(per mmbtu)",42,"netpremiums,netpremiums,($ in millions)",natural gas,call options,2011,,
40,CHK20100301,2012,262605,bbtu,,"weighted average price,put,(per mmbtu)",8.46,"weighted average price,call,(per mmbtu)",16,"netpremiums,netpremiums,($ in millions)",natural gas,call options,2012,,
41,CHK20100301,2013,597828,bbtu,,"weighted average price,put,(per mmbtu)",9.10,"weighted average price,call,(per mmbtu)",102,"netpremiums,netpremiums,($ in millions)",natural gas,call options,2013|2020,,
50,CHK20100301,2011,45090,bbtu,neg0.82,"weighted average price,differential",neg3,"netpremiums,netpremiums,($ in millions)",,,natural gas,basis protection swaps,2011,,(non-appalachian basin)
51,CHK20100301,2012,57961,bbtu,neg0.90,"weighted average price,differential",neg3,"netpremiums,netpremiums,($ in millions)",,,natural gas,basis protection swaps,2012|2018,,(non-appalachian basin)
55,CHK20100301,2010,2293,bbtu,0.27,"weighted average price,differential",,"netpremiums,netpremiums,($ in millions)",,,natural gas,basis protection swaps,q1|2010,,(appalachian basin)
56,CHK20100301,2010,2513,bbtu,0.27,"weighted average price,differential",,"netpremiums,netpremiums,($ in millions)",,,natural gas,basis protection swaps,q2|2010,,(appalachian basin)
57,CHK20100301,2010,2660,bbtu,0.26,"weighted average price,differential",,"netpremiums,netpremiums,($ in millions)",,,natural gas,basis protection swaps,q3|2010,,(appalachian basin)
58,CHK20100301,2010,2732,bbtu,0.26,"weighted average price,differential",,"netpremiums,netpremiums,($ in millions)",,,natural gas,basis protection swaps,q4|2010,,(appalachian basin)
59,CHK20100301,2011,12086,bbtu,0.25,"weighted average price,differential",,"netpremiums,netpremiums,($ in millions)",,,natural gas,basis protection swaps,2011,,(appalachian basin)
60,CHK20100301,2012,134,bbtu,0.11,"weighted average price,differential",,"netpremiums,netpremiums,($ in millions)",,,natural gas,basis protection swaps,2012|2022,,(appalachian basin)
5,CHK20100301,2010,450,volume,$85.86,"weighted average price,fixed,",,"weighted average price,put,(per bbl)",,,oil,swaps,q1|2010,,
6,CHK20100301,2010,455,volume,85.86,"weighted average price,fixed,",,"weighted average price,put,(per bbl)",,,oil,swaps,q2|2010,,
7,CHK20100301,2010,460,volume,85.86,"weighted average price,fixed,",,"weighted average price,put,(per bbl)",,,oil,swaps,q3|2010,,
8,CHK20100301,2010,460,volume,85.86,"weighted average price,fixed,",,"weighted average price,put,(per bbl)",,,oil,swaps,q4|2010,,
11,CHK20100301,2010,360,volume,91.96,"weighted average price,fixed,",,"weighted average price,put,(per bbl)",,,oil,other swaps(c),q1|2010,,
12,CHK20100301,2010,364,volume,91.96,"weighted average price,fixed,",,"weighted average price,put,(per bbl)",,,oil,other swaps(c),q2|2010,,
13,CHK20100301,2010,368,volume,91.96,"weighted average price,fixed,",,"weighted average price,put,(per bbl)",,,oil,other swaps(c),q3|2010,,
14,CHK20100301,2010,368,volume,91.96,"weighted average price,fixed,",,"weighted average price,put,(per bbl)",,,oil,other swaps(c),q4|2010,,
15,CHK20100301,2011,2190,volume,91.76,"weighted average price,fixed,",,"weighted average price,put,(per bbl)",,,oil,other swaps(c),2011,,
18,CHK20100301,2010,1170,volume,90.25,"weighted average price,fixed,",60.00,"weighted average price,put,(per bbl)",,,oil,knock-out swaps,q1|2010,,
19,CHK20100301,2010,1183,volume,90.25,"weighted average price,fixed,",60.00,"weighted average price,put,(per bbl)",,,oil,knock-out swaps,q2|2010,,
20,CHK20100301,2010,1196,volume,90.25,"weighted average price,fixed,",60.00,"weighted average price,put,(per bbl)",,,oil,knock-out swaps,q3|2010,,
21,CHK20100301,2010,1196,volume,90.25,"weighted average price,fixed,",60.00,"weighted average price,put,(per bbl)",,,oil,knock-out swaps,q4|2010,,
22,CHK20100301,2011,1095,volume,104.75,"weighted average price,fixed,",60.00,"weighted average price,put,(per bbl)",,,oil,knock-out swaps,2011,,
23,CHK20100301,2012,732,volume,109.50,"weighted average price,fixed,",60.00,"weighted average price,put,(per bbl)",,,oil,knock-out swaps,2012,,
26,CHK20100301,2010,630,volume,105.00,"weighted average price,call,(per bbl)",neg1,"netpremiums,netpremiums,($ in millions)",,,oil,call options,q1|2010,,
27,CHK20100301,2010,637,volume,105.00,"weighted average price,call,(per bbl)",neg1,"netpremiums,netpremiums,($ in millions)",,,oil,call options,q2|2010,,
28,CHK20100301,2010,644,volume,105.00,"weighted average price,call,(per bbl)",neg1,"netpremiums,netpremiums,($ in millions)",,,oil,call options,q3|2010,,
29,CHK20100301,2010,644,volume,105.00,"weighted average price,call,(per bbl)",neg1,"netpremiums,netpremiums,($ in millions)",,,oil,call options,q4|2010,,
30,CHK20100301,2011,3650,volume,105.00,"weighted average price,call,(per bbl)",16,"netpremiums,netpremiums,($ in millions)",,,oil,call options,2011,,
31,CHK20100301,2012,8770,volume,99.59,"weighted average price,call,(per bbl)",16,"netpremiums,netpremiums,($ in millions)",,,oil,call options,2012|2014,,
5,CHK20110301,2011,89354,bbtu,$5.60,"weighted average price,fixed,",,,,,natural gas,swaps,q1|2011,,
6,CHK20110301,2011,91023,bbtu,5.35,"weighted average price,fixed,",,,,,natural gas,swaps,q2|2011,,
7,CHK20110301,2011,132480,bbtu,4.93,"weighted average price,fixed,",,,,,natural gas,swaps,q3|2011,,
8,CHK20110301,2011,132480,bbtu,4.93,"weighted average price,fixed,",,,,,natural gas,swaps,q4|2011,,
9,CHK20110301,2012,12800,bbtu,6.00,"weighted average price,fixed,",,,,,natural gas,swaps,2012,,
12,CHK20110301,2011,142545,bbtu,6.43,"weighted average price,fixed,",,,,,natural gas,other swaps(a),q1|2011,,
13,CHK20110301,2011,140512,bbtu,6.35,"weighted average price,fixed,",,,,,natural gas,other swaps(a),q2|2011,,
14,CHK20110301,2011,85880,bbtu,6.70,"weighted average price,fixed,",,,,,natural gas,other swaps(a),q3|2011,,
15,CHK20110301,2011,85880,bbtu,6.73,"weighted average price,fixed,",,,,,natural gas,other swaps(a),q4|2011,,
16,CHK20110301,2012,122180,bbtu,6.19,"weighted average price,fixed,",,,,,natural gas,other swaps(a),2012,,
19,CHK20110301,2012,161077,bbtu,6.54,"weighted average price,call,(per mmbtu)",,,,,natural gas,call options,2012,,
20,CHK20110301,2013,436033,bbtu,6.44,"weighted average price,call,(per mmbtu)",,,,,natural gas,call options,2013,,
21,CHK20110301,2014,330183,bbtu,6.44,"weighted average price,call,(per mmbtu)",,,,,natural gas,call options,2014,,
22,CHK20110301,2015,226446,bbtu,6.31,"weighted average price,call,(per mmbtu)",,,,,natural gas,call options,2015,,
23,CHK20110301,2016,324003,bbtu,8.31,"weighted average price,call,(per mmbtu)",,,,,natural gas,call options,2016|2020,,
33,CHK20110301,2011,19147,bbtu,neg0.82,"weighted average price,differential",,,,,natural gas,basis protection swaps,q2|2011,,(non-appalachian basin)
34,CHK20110301,2011,19397,bbtu,neg0.82,"weighted average price,differential",,,,,natural gas,basis protection swaps,q3|2011,,(non-appalachian basin)
35,CHK20110301,2011,6545,bbtu,neg0.82,"weighted average price,differential",,,,,natural gas,basis protection swaps,q4|2011,,(non-appalachian basin)
36,CHK20110301,2012,50532,bbtu,neg0.78,"weighted average price,differential",,,,,natural gas,basis protection swaps,2012,,(non-appalachian basin)
37,CHK20110301,2013,29349,bbtu,neg0.69,"weighted average price,differential",,,,,natural gas,basis protection swaps,2013|2019,,(non-appalachian basin)
41,CHK20110301,2011,11674,bbtu,0.14,"weighted average price,differential",,,,,natural gas,basis protection swaps,q1|2011,,(appalachian basin)
42,CHK20110301,2011,12186,bbtu,0.14,"weighted average price,differential",,,,,natural gas,basis protection swaps,q2|2011,,(appalachian basin)
43,CHK20110301,2011,12403,bbtu,0.14,"weighted average price,differential",,,,,natural gas,basis protection swaps,q3|2011,,(appalachian basin)
44,CHK20110301,2011,12324,bbtu,0.14,"weighted average price,differential",,,,,natural gas,basis protection swaps,q4|2011,,(appalachian basin)
45,CHK20110301,2012,134,bbtu,0.11,"weighted average price,differential",,,,,natural gas,basis protection swaps,2012|2022,,(appalachian basin)
5,CHK20110301,2011,180,bbtu,$91.35,"weighted average price,fixed,",,"weighted average price,put,(per mmbtu)",,,oil,swaps,q1|2011,,
6,CHK20110301,2011,182,bbtu,91.35,"weighted average price,fixed,",,"weighted average price,put,(per mmbtu)",,,oil,swaps,q2|2011,,
7,CHK20110301,2011,184,bbtu,91.35,"weighted average price,fixed,",,"weighted average price,put,(per mmbtu)",,,oil,swaps,q3|2011,,
8,CHK20110301,2011,184,bbtu,91.35,"weighted average price,fixed,",,"weighted average price,put,(per mmbtu)",,,oil,swaps,q4|2011,,
11,CHK20110301,2012,1830,bbtu,100.00,"weighted average price,fixed,",,"weighted average price,put,(per mmbtu)",,,oil,other swaps(a),2012,,
12,CHK20110301,2013,1825,bbtu,100.00,"weighted average price,fixed,",,"weighted average price,put,(per mmbtu)",,,oil,other swaps(a),2013,,
26,CHK20110301,2011,270,bbtu,104.75,"weighted average price,fixed,",60.00,"weighted average price,put,(per mmbtu)",,,oil,knock-out swaps,q1|2011,,
27,CHK20110301,2011,273,bbtu,104.75,"weighted average price,fixed,",60.00,"weighted average price,put,(per mmbtu)",,,oil,knock-out swaps,q2|2011,,
28,CHK20110301,2011,276,bbtu,104.75,"weighted average price,fixed,",60.00,"weighted average price,put,(per mmbtu)",,,oil,knock-out swaps,q3|2011,,
29,CHK20110301,2011,276,bbtu,104.75,"weighted average price,fixed,",60.00,"weighted average price,put,(per mmbtu)",,,oil,knock-out swaps,q4|2011,,
30,CHK20110301,2012,732,bbtu,109.50,"weighted average price,fixed,",60.00,"weighted average price,put,(per mmbtu)",,,oil,knock-out swaps,2012,,
15,CHK20110301,2011,2250,bbtu,72.81,"weighted average price,call,(per mmbtu)",,,,,oil,call options(b),q1|2011,,
16,CHK20110301,2011,2275,bbtu,72.81,"weighted average price,call,(per mmbtu)",,,,,oil,call options(b),q2|2011,,
17,CHK20110301,2011,2300,bbtu,72.81,"weighted average price,call,(per mmbtu)",,,,,oil,call options(b),q3|2011,,
18,CHK20110301,2011,2300,bbtu,72.81,"weighted average price,call,(per mmbtu)",,,,,oil,call options(b),q4|2011,,
19,CHK20110301,2012,15644,bbtu,79.82,"weighted average price,call,(per mmbtu)",,,,,oil,call options(b),2012,,
20,CHK20110301,2013,12739,bbtu,85.37,"weighted average price,call,(per mmbtu)",,,,,oil,call options(b),2013,,
21,CHK20110301,2014,8707,bbtu,87.72,"weighted average price,call,(per mmbtu)",,,,,oil,call options(b),2014,,
22,CHK20110301,2015,7411,bbtu,85.31,"weighted average price,call,(per mmbtu)",,,,,oil,call options(b),2015,,
23,CHK20110301,2016,10600,bbtu,84.25,"weighted average price,call,(per mmbtu)",,,,,oil,call options(b),2016|2017,,
5,CHK20120229,2012,370,tbtu,$7.36,"weighted average price,call,(per mmbtu)",,,,,natural gas,call options (sold),2012,,
6,CHK20120229,2013,415,tbtu,6.44,"weighted average price,call,(per mmbtu)",,,,,natural gas,call options (sold),2013,,
7,CHK20120229,2014,330,tbtu,6.43,"weighted average price,call,(per mmbtu)",,,,,natural gas,call options (sold),2014,,
8,CHK20120229,2015,226,tbtu,6.31,"weighted average price,call,(per mmbtu)",,,,,natural gas,call options (sold),2015,,
9,CHK20120229,2016,279,tbtu,6.72,"weighted average price,call,(per mmbtu)",,,,,natural gas,call options (sold),2016,,
10,CHK20120229,2017,114,tbtu,10.92,"weighted average price,call,(per mmbtu)",,,,,natural gas,call options (sold),2017|2020,,
13,CHK20120229,2012,neg223,tbtu,7.90,"weighted average price,call,(per mmbtu)",,,,,natural gas,call options (bought)(a),2012,,
14,CHK20120229,2015,neg110,tbtu,6.16,"weighted average price,call,(per mmbtu)",,,,,natural gas,call options (bought)(a),2015,,
15,CHK20120229,2016,neg44,tbtu,6.00,"weighted average price,call,(per mmbtu)",,,,,natural gas,call options (bought)(a),2016,,
18,CHK20120229,2012,2,tbtu,neg0.35,"weighted average price,differential",,,,,natural gas,basis protection swaps,q1|2012,,
19,CHK20120229,2012,20,tbtu,neg0.81,"weighted average price,differential",,,,,natural gas,basis protection swaps,q2|2012,,
20,CHK20120229,2012,21,tbtu,neg0.80,"weighted average price,differential",,,,,natural gas,basis protection swaps,q3|2012,,
21,CHK20120229,2012,8,tbtu,neg0.74,"weighted average price,differential",,,,,natural gas,basis protection swaps,q4|2012,,
22,CHK20120229,2013,55,tbtu,neg0.48,"weighted average price,differential",,,,,natural gas,basis protection swaps,2013|2018,,
5,CHK20120229,2012,4.6,mmbbl,$101.15,"weighted average price,fixed,",,"weighted average price,put,(per bbl)",,,oil,non-qualified swaps,q1|2012,,
6,CHK20120229,2012,4.6,mmbbl,101.82,"weighted average price,fixed,",,"weighted average price,put,(per bbl)",,,oil,non-qualified swaps,q2|2012,,
7,CHK20120229,2012,2.1,mmbbl,100.93,"weighted average price,fixed,",,"weighted average price,put,(per bbl)",,,oil,non-qualified swaps,q3|2012,,
8,CHK20120229,2012,1.7,mmbbl,99.55,"weighted average price,fixed,",,"weighted average price,put,(per bbl)",,,oil,non-qualified swaps,q4|2012,,
9,CHK20120229,2013,0.7,mmbbl,87.69,"weighted average price,fixed,",,"weighted average price,put,(per bbl)",,,oil,non-qualified swaps,2013,,
10,CHK20120229,2014,0.7,mmbbl,88.27,"weighted average price,fixed,",,"weighted average price,put,(per bbl)",,,oil,non-qualified swaps,2014,,
11,CHK20120229,2015,0.5,mmbbl,88.75,"weighted average price,fixed,",,"weighted average price,put,(per bbl)",,,oil,non-qualified swaps,2015,,
25,CHK20120229,2012,1.8,mmbbl,106.38,"weighted average price,fixed,",,"weighted average price,put,(per bbl)",,,oil,swaptions,q3|2012,,
26,CHK20120229,2012,2.3,mmbbl,106.45,"weighted average price,fixed,",,"weighted average price,put,(per bbl)",,,oil,swaptions,q4|2012,,
27,CHK20120229,2013,3.7,mmbbl,102.88,"weighted average price,fixed,",,"weighted average price,put,(per bbl)",,,oil,swaptions,2013,,
30,CHK20120229,2012,0.2,mmbbl,109.50,"weighted average price,fixed,",60.00,"weighted average price,put,(per bbl)",,,oil,knock-out swaps,q1|2012,,
31,CHK20120229,2012,0.2,mmbbl,109.50,"weighted average price,fixed,",60.00,"weighted average price,put,(per bbl)",,,oil,knock-out swaps,q2|2012,,
32,CHK20120229,2012,0.2,mmbbl,109.50,"weighted average price,fixed,",60.00,"weighted average price,put,(per bbl)",,,oil,knock-out swaps,q3|2012,,
33,CHK20120229,2012,0.2,mmbbl,109.50,"weighted average price,fixed,",60.00,"weighted average price,put,(per bbl)",,,oil,knock-out swaps,q4|2012,,
14,CHK20120229,2012,4.1,mmbbl,93.03,"weighted average price,call,(per bbl)",,,,,oil,call options (sold)(b),q1|2012,,
15,CHK20120229,2012,4.0,mmbbl,93.03,"weighted average price,call,(per bbl)",,,,,oil,call options (sold)(b),q2|2012,,
16,CHK20120229,2012,4.1,mmbbl,93.03,"weighted average price,call,(per bbl)",,,,,oil,call options (sold)(b),q3|2012,,
17,CHK20120229,2012,4.1,mmbbl,93.03,"weighted average price,call,(per bbl)",,,,,oil,call options (sold)(b),q4|2012,,
18,CHK20120229,2013,19.4,mmbbl,94.74,"weighted average price,call,(per bbl)",,,,,oil,call options (sold)(b),2013,,
19,CHK20120229,2014,15.4,mmbbl,96.61,"weighted average price,call,(per bbl)",,,,,oil,call options (sold)(b),2014,,
20,CHK20120229,2015,19.4,mmbbl,100.57,"weighted average price,call,(per bbl)",,,,,oil,call options (sold)(b),2015,,
21,CHK20120229,2016,18.9,mmbbl,104.71,"weighted average price,call,(per bbl)",,,,,oil,call options (sold)(b),2016,,
22,CHK20120229,2017,5.3,mmbbl,83.50,"weighted average price,call,(per bbl)",,,,,oil,call options (sold)(b),2017,,
6,CHK20130301,2013,24,tbtu,$3.90,"weighted average price,fixed,",,,,,natural gas,swaps,q1|2013,,
7,CHK20130301,2013,25,tbtu,3.90,"weighted average price,fixed,",,,,,natural gas,swaps,q2|2013,,
9,CHK20130301,2013,44,tbtu,6.39,"weighted average price,call,(per mmbtu)",,,,,natural gas,call options (sold),q1|2013,,
10,CHK20130301,2013,67,tbtu,6.39,"weighted average price,call,(per mmbtu)",,,,,natural gas,call options (sold),q2|2013,,
11,CHK20130301,2013,68,tbtu,6.39,"weighted average price,call,(per mmbtu)",,,,,natural gas,call options (sold),q3|2013,,
12,CHK20130301,2013,68,tbtu,6.39,"weighted average price,call,(per mmbtu)",,,,,natural gas,call options (sold),q4|2013,,
13,CHK20130301,2014,330,tbtu,6.43,"weighted average price,call,(per mmbtu)",,,,,natural gas,call options (sold),2014,,
14,CHK20130301,2015,226,tbtu,6.31,"weighted average price,call,(per mmbtu)",,,,,natural gas,call options (sold),2015,,
15,CHK20130301,2016,279,tbtu,6.72,"weighted average price,call,(per mmbtu)",,,,,natural gas,call options (sold),2016,,
16,CHK20130301,2017,114,tbtu,10.92,"weighted average price,call,(per mmbtu)",,,,,natural gas,call options (sold),2017|2020,,
18,CHK20130301,2013,neg44,tbtu,6.39,"weighted average price,call,(per mmbtu)",,,,,natural gas,call options (bought)(a),q1|2013,,
19,CHK20130301,2013,neg67,tbtu,6.39,"weighted average price,call,(per mmbtu)",,,,,natural gas,call options (bought)(a),q2|2013,,
20,CHK20130301,2013,neg68,tbtu,6.39,"weighted average price,call,(per mmbtu)",,,,,natural gas,call options (bought)(a),q3|2013,,
21,CHK20130301,2013,neg68,tbtu,6.39,"weighted average price,call,(per mmbtu)",,,,,natural gas,call options (bought)(a),q4|2013,,
22,CHK20130301,2014,neg330,tbtu,6.43,"weighted average price,call,(per mmbtu)",,,,,natural gas,call options (bought)(a),2014,,
23,CHK20130301,2015,neg226,tbtu,6.31,"weighted average price,call,(per mmbtu)",,,,,natural gas,call options (bought)(a),2015,,
24,CHK20130301,2016,neg200,tbtu,6.02,"weighted average price,call,(per mmbtu)",,,,,natural gas,call options (bought)(a),2016,,
26,CHK20130301,2013,44,tbtu,neg0.21,"weighted average price,differential",,,,,natural gas,basis protection swaps,2013,,
27,CHK20130301,2014,28,tbtu,neg0.32,"weighted average price,differential",,,,,natural gas,basis protection swaps,2014,,
28,CHK20130301,2015,31,tbtu,neg0.34,"weighted average price,differential",,,,,natural gas,basis protection swaps,2015,,
29,CHK20130301,2016,8,tbtu,neg1.02,"weighted average price,differential",,,,,natural gas,basis protection swaps,2016|2022,,
6,CHK20130301,2013,5.9,mmbbl,$95.79,"weighted average price,fixed,",,,,,oil,swaps,q1|2013,,
7,CHK20130301,2013,6.9,mmbbl,95.95,"weighted average price,fixed,",,,,,oil,swaps,q2|2013,,
8,CHK20130301,2013,7.0,mmbbl,95.88,"weighted average price,fixed,",,,,,oil,swaps,q3|2013,,
9,CHK20130301,2013,6.9,mmbbl,95.83,"weighted average price,fixed,",,,,,oil,swaps,q4|2013,,
10,CHK20130301,2014,1.4,mmbbl,90.11,"weighted average price,fixed,",,,,,oil,swaps,2014|2015,,
29,CHK20130301,2014,2.9,mmbbl,106.69,"weighted average price,fixed,",,,,,oil,call swaptions,2014,,
30,CHK20130301,2015,2.4,mmbbl,106.61,"weighted average price,fixed,",,,,,oil,call swaptions,2015,,
12,CHK20130301,2013,4.8,mmbbl,94.74,"weighted average price,call,(per bbl)",,,,,oil,call options (sold),q1|2013,,
13,CHK20130301,2013,4.8,mmbbl,94.74,"weighted average price,call,(per bbl)",,,,,oil,call options (sold),q2|2013,,
14,CHK20130301,2013,4.9,mmbbl,94.74,"weighted average price,call,(per bbl)",,,,,oil,call options (sold),q3|2013,,
15,CHK20130301,2013,4.9,mmbbl,94.74,"weighted average price,call,(per bbl)",,,,,oil,call options (sold),q4|2013,,
16,CHK20130301,2014,16.9,mmbbl,96.92,"weighted average price,call,(per bbl)",,,,,oil,call options (sold),2014,,
17,CHK20130301,2015,24.7,mmbbl,100.45,"weighted average price,call,(per bbl)",,,,,oil,call options (sold),2015,,
18,CHK20130301,2016,18.9,mmbbl,104.71,"weighted average price,call,(per bbl)",,,,,oil,call options (sold),2016,,
19,CHK20130301,2017,5.3,mmbbl,83.50,"weighted average price,call,(per bbl)",,,,,oil,call options (sold),2017,,
21,CHK20130301,2013,neg2.3,mmbbl,90.80,"weighted average price,call,(per bbl)",,,,,oil,call options (bought)(b),q1|2013,,
22,CHK20130301,2013,neg2.3,mmbbl,90.80,"weighted average price,call,(per bbl)",,,,,oil,call options (bought)(b),q2|2013,,
23,CHK20130301,2013,neg2.3,mmbbl,90.80,"weighted average price,call,(per bbl)",,,,,oil,call options (bought)(b),q3|2013,,
24,CHK20130301,2013,neg2.3,mmbbl,90.80,"weighted average price,call,(per bbl)",,,,,oil,call options (bought)(b),q4|2013,,
25,CHK20130301,2014,neg2.2,mmbbl,94.91,"weighted average price,call,(per bbl)",,,,,oil,call options (bought)(b),2014,,
27,CHK20130301,2013,5.5,mmbbl,13.20,"weighted average price,differential",,,,,oil,basis protection swaps,2013,,
6,CHK20140227,short-term,448,tbtu,4.15,fixed($ per mmbtu),,,,,natural gas,swaps,short-term,,
17,CHK20140227,short-term,12,tbtu,4.80,fixed($ per mmbtu),,,,,natural gas,swaptions,short-term,,
8,CHK20140227,short-term,196,tbtu,4.38,call($ per mmbtu),3.58 / 4.13,",weighted average price,put,($ per mmbtu)",,,natural gas,3-way collars,short-term,,
9,CHK20140227,long-term,92,tbtu,4.45,call($ per mmbtu),3.38 / 4.24,",weighted average price,put,($ per mmbtu)",,,natural gas,3-way collars,long-term,,
11,CHK20140227,short-term,330,tbtu,6.43,call($ per mmbtu),,",weighted average price,put,($ per mmbtu)",,,natural gas,call options (sold),short-term,,
12,CHK20140227,long-term,619,tbtu,7.34,call($ per mmbtu),,",weighted average price,put,($ per mmbtu)",,,natural gas,call options (sold),long-term,,
14,CHK20140227,long-term,neg330,tbtu,6.43,call($ per mmbtu),,",weighted average price,put,($ per mmbtu)",,,natural gas,call options (bought)(a),long-term,,
15,CHK20140227,short-term,neg426,tbtu,6.17,call($ per mmbtu),,",weighted average price,put,($ per mmbtu)",,,natural gas,call options (bought)(a),short-term,,
19,CHK20140227,short-term,28,tbtu,neg0.32,differential($ per mmbtu),,,,,natural gas,basis protection swaps,short-term,,
20,CHK20140227,long-term,40,tbtu,neg0.48,differential($ per mmbtu),,,,,natural gas,basis protection swaps,long-term,,
6,CHK20140227,short-term,24.6,mmbbl,93.92,"weighted average price,fixed,",,,,,oil,swaps,short-term,,
7,CHK20140227,long-term,0.7,mmbbl,89.47,"weighted average price,fixed,",,,,,oil,swaps,long-term,,
9,CHK20140227,short-term,13.4,mmbbl,96.11,",weighted average price,call,($ per bbl)",,,,,oil,call options (sold),short-term,,
10,CHK20140227,long-term,48.9,mmbbl,100.26,",weighted average price,call,($ per bbl)",,,,,oil,call options (sold),long-term,,
12,CHK20140227,short-term,neg10.9,mmbbl,98.97,",weighted average price,call,($ per bbl)",,,,,oil,call options (bought)(b),short-term,,
13,CHK20140227,long-term,neg8.9,mmbbl,113.54,",weighted average price,call,($ per bbl)",,,,,oil,call options (bought)(b),long-term,,
15,CHK20140227,short-term,0.4,mmbbl,6.00,"weighted average price,differential",,,,,oil,basis protection swaps,short-term,,
6,CHK20150227,short-term,12.5,mmbbl,$94.58,"weighted average price,fixed,",,,,,oil,swaps,short-term,,
8,CHK20150227,short-term,4.4,mmbbl,98.94,",weighted average price,call,($ per bbl)",80.00 / 90.00,",weighted average price,put,($ per bbl)",,,oil,3-way collars,short-term,,
11,CHK20150227,short-term,20.5,mmbbl,101.85,",weighted average price,call,($ per bbl)",,",weighted average price,put,($ per bbl)",,,oil,call options (sold),short-term,,
12,CHK20150227,long-term,24.2,mmbbl,100.07,",weighted average price,call,($ per bbl)",,",weighted average price,put,($ per bbl)",,,oil,call options (sold),long-term,,
14,CHK20150227,short-term,neg8.9,mmbbl,113.54,",weighted average price,call,($ per bbl)",,",weighted average price,put,($ per bbl)",,,oil,call options (bought)(a),short-term,,
6,CHK20150227,short-term,238,tbtu,$4.14,fixed($ per mmbtu),,,,,natural gas,swaps,short-term,,
7,CHK20150227,long-term,37,tbtu,3.95,fixed($ per mmbtu),,,,,natural gas,swaps,long-term,,
9,CHK20150227,short-term,207,tbtu,4.51,call($ per mmbtu),3.37 / 4.29,",weighted average price,put,($ per mmbtu)",,,natural gas,3-way collars,short-term,,
11,CHK20150227,short-term,226,tbtu,6.31,call($ per mmbtu),,",weighted average price,put,($ per mmbtu)",,,natural gas,call options (sold),short-term,,
12,CHK20150227,long-term,393,tbtu,7.93,call($ per mmbtu),,",weighted average price,put,($ per mmbtu)",,,natural gas,call options (sold),long-term,,
14,CHK20150227,short-term,neg226,tbtu,6.31,call($ per mmbtu),,",weighted average price,put,($ per mmbtu)",,,natural gas,call options (bought)(b),short-term,,
15,CHK20150227,long-term,neg200,tbtu,6.02,call($ per mmbtu),,",weighted average price,put,($ per mmbtu)",,,natural gas,call options (bought)(b),long-term,,
17,CHK20150227,short-term,52,tbtu,0.55,differential($ per mmbtu),,,,,natural gas,basis protection swaps,short-term,,
18,CHK20150227,long-term,8,tbtu,neg1.02,differential($ per mmbtu),,,,,natural gas,basis protection swaps,long-term,,
6,CHK20160225,short-term,13.5,mmbbl,$52.05,"weighted average price,fixed,",,,,,oil,swaps(a),short-term,,
17,CHK20160225,short-term,500,tbtu,$2.94,fixed($ per mmbtu),,,,,natural gas,swaps(b),short-term,,
8,CHK20160225,short-term,13.9,mmbbl,87.25,",weighted average price,call,($ per bbl)",,,,,oil,call options (sold),short-term,,
9,CHK20160225,long-term,5.3,mmbbl,83.50,",weighted average price,call,($ per bbl)",,,,,oil,call options (sold),long-term,,
19,CHK20160225,short-term,381,tbtu,5.66,call($ per mmbtu),,,,,natural gas,call options (sold),short-term,,
20,CHK20160225,long-term,114,tbtu,10.92,call($ per mmbtu),,,,,natural gas,call options (sold),long-term,,
22,CHK20160225,short-term,neg200,tbtu,6.02,call($ per mmbtu),,,,,natural gas,call options (bought)(c),short-term,,
24,CHK20160225,short-term,33,tbtu,0.17,differential($ per mmbtu),,,,,natural gas,basis protection swaps,short-term,,
25,CHK20160225,long-term,24,tbtu,neg0.48,differential($ per mmbtu),,,,,natural gas,basis protection swaps,long-term,,
